{"type":"footer","name":"Footer group","sections":{"578b12f8-0971-4786-ae35-bfaecb141f6b":{"type":"rich-text","blocks":{"sections--19925220491609__578b12f8-0971-4786-ae35-bfaecb141f6b-subheading-1":{"type":"subheading","disabled":true,"settings":{"text":"Subheading"}},"sections--19925220491609__578b12f8-0971-4786-ae35-bfaecb141f6b-heading-1":{"type":"heading","disabled":true,"settings":{"text":"Heading","heading_tag":"h1","text_color":"","gradient":""}},"sections--19925220491609__578b12f8-0971-4786-ae35-bfaecb141f6b-richtext-1":{"type":"richtext","disabled":true,"settings":{"content":"<p>Use this text to share information about your brand with your customers. Describe a product, share announcements, or welcome customers to your store.<\/p>"}}},"block_order":["sections--19925220491609__578b12f8-0971-4786-ae35-bfaecb141f6b-subheading-1","sections--19925220491609__578b12f8-0971-4786-ae35-bfaecb141f6b-heading-1","sections--19925220491609__578b12f8-0971-4786-ae35-bfaecb141f6b-richtext-1"],"settings":{"full_width":true,"content_width":"medium","text_position":"center","background":"","background_gradient":"","text_color":""}},"a5f3fb40-fe82-4744-8168-8f942f44938f":{"type":"faq","blocks":{"sections--19925220491609__a5f3fb40-fe82-4744-8168-8f942f44938f-item-1":{"type":"item","settings":{"title":"Har Den Lille Garnbiks en fysisk butik?","content":"<p>Ja - Vi har en fysisk garnbutik i Aarhus på adressen Silkeborgvej 52, 8000 Aarhus C. <br\/>Vi åbnede vores butik april 2021 og er et sted vi er meget stolte af. <\/p><p>Bor du i nærheden eller skal du på en strikketur, vil vi elske at få besøg af dig. <\/p>"}},"sections--19925220491609__a5f3fb40-fe82-4744-8168-8f942f44938f-item-2":{"type":"item","settings":{"title":"Hvem står bag Den Lille Garnbiks?","content":"<p>Bag Den Lille Garnbiks er der et team af glade strikkere. <\/p><p>Vi strikker i vores fritid, når vi er på arbejde og hver gang vi kan komme til det. <\/p><p>Vi er super passionerede omkring garn & strik og søger hele tiden mere viden omkring nye såsom gamle informationer indenfor strik.<\/p><p>Du kan læse mere om hvem der står bag Den Lille Garnbiks her.<\/p>"}},"sections--19925220491609__a5f3fb40-fe82-4744-8168-8f942f44938f-item-3":{"type":"item","settings":{"title":"Hvad så nu?","content":"<p>Om du blot er her for at få lidt inspiration eller søger garn til dit næste strikkeprojekt. <\/p><p>Så synes jeg, at du skal kigge lidt rundt her på vores webshop og se om vi kan hjælpe dig. <\/p><p>Et godt sted er her, hvor vi har samlet vores mange garnkits:<\/p><p><a href=\"\/collections\/garnkits\" title=\"Garnkits\">Se garnkits<\/a><\/p>"}}},"block_order":["sections--19925220491609__a5f3fb40-fe82-4744-8168-8f942f44938f-item-1","sections--19925220491609__a5f3fb40-fe82-4744-8168-8f942f44938f-item-2","sections--19925220491609__a5f3fb40-fe82-4744-8168-8f942f44938f-item-3"],"settings":{"full_width":true,"subheading":"","title":"Har du måske også undret dig?","content":"<p>Vi bliver ofte spurgt om nogle af de samme spørgsmål. Derfor har vi samlet nogle af dem herunder. <\/p>","team_avatar_width":160,"support_hours":"","answer_time":"","button_text":"","button_url":"","text_position":"center","background":"","background_gradient":"","text_color":"","heading_color":"","heading_gradient":"","button_background":"rgba(0,0,0,0)","button_text_color":"","accordion_background":"#a8bac5","accordion_text_color":""}},"9f0bf931-451e-49af-ae88-2d124803f1f4":{"type":"contact","settings":{"full_width":true,"subheading":"","title":"Kan jeg hjælpe dig med noget? 📞","content":"<p>Vi er her for at hjælpe dig. Så har du nogle spørgsmål eller behov for hjælp, er du altid velkommen til at skrive eller ringe til os.<\/p>","text_position":"start","contact_form_size":"large","background":"","background_gradient":"","text_color":"","heading_color":"","heading_gradient":"","contact_background":"#f0eeeb","contact_text_color":"","button_background":"#a8bac5","button_text_color":"rgba(0,0,0,0)"}},"d409fffb-739a-4fce-983e-ac0f63763240":{"type":"image-with-text-overlay","disabled":true,"settings":{"full_width":true,"allow_transparent_header":false,"enable_parallax":false,"image_size":"auto","image":"shopify:\/\/shop_images\/Unavngivet_2.png","mobile_text_position":"place-self-center text-center","desktop_text_position":"sm:place-self-center sm:text-center","text_color":"#ffffff","overlay_color":"rgba(0,0,0,0)","overlay_opacity":0}},"footer":{"type":"footer","blocks":{"newsletter":{"type":"newsletter","settings":{"image_width":300,"heading_size":"h3","title":"Af strikkere for strikkere 🧶","content":"<p><strong>Få strikke inspiration leveret til din indbakke - Tilmeld dig her! ps. vi skriver kun om garn & strik.<\/strong><\/p>"}},"links":{"type":"links","settings":{"menu":"footer","show_menu_title":true,"menu_title":"Mangler du information?"}},"text":{"type":"text","settings":{"title":"Kontakt os endelig","content":"<p>Du er altid velkommen til at kontakte os enten på telefon, mail eller fysisk. <\/p><p>Tlf. <a href=\"tel:+45 42431674\" title=\"tel:+45 42431674\">+45 42431674<\/a><br\/><a href=\"mailto:mette@denlillegarnbiks.dk\" title=\"mailto:mette@denlillegarnbiks.dk\">mette@denlillegarnbiks.dk<\/a><\/p>","enable_follow_on_shop":true}},"0f3e59ed-4b55-4a18-b609-f6c254b3bf17":{"type":"text","settings":{"title":"Kom forbi og besøg vores butik","content":"<p>Adresse: Silkeborgvej 52, 8000 Aarhus C<\/p><p><strong>Åbningstider<\/strong><br\/>Mandag: 11 - 17<br\/>Tirsdag: Lukket<br\/>Onsdag: 11 -17<br\/>Torsdag: 11 - 17<br\/>Fredag: 11- 17<br\/>Lørdag: 11 - 15<br\/>Søndag: Lukket<\/p>","enable_follow_on_shop":true}}},"block_order":["newsletter","links","text","0f3e59ed-4b55-4a18-b609-f6c254b3bf17"],"settings":{"show_social_media":true,"show_payment_icons":true,"show_country_selector":false,"show_country_flag":false,"show_country_name":false,"show_locale_selector":false}}},"order":["578b12f8-0971-4786-ae35-bfaecb141f6b","a5f3fb40-fe82-4744-8168-8f942f44938f","9f0bf931-451e-49af-ae88-2d124803f1f4","d409fffb-739a-4fce-983e-ac0f63763240","footer"]}