{"type":"header","name":"Header group","sections":{"announcement-bar":{"type":"announcement-bar","blocks":{"message":{"type":"message","settings":{"text":"En garnbutik for alle","url":""}},"775b01b4-8974-474d-bbd0-46e20e522757":{"type":"message","settings":{"text":"Lynhurtig levering","url":""}},"4d93cfd8-80d8-4d49-86ab-bc0c6bb298e0":{"type":"message","settings":{"text":"Garnbutik i Aarhus","url":""}}},"block_order":["message","775b01b4-8974-474d-bbd0-46e20e522757","4d93cfd8-80d8-4d49-86ab-bc0c6bb298e0"],"settings":{"enable_sticky":false,"text_size":"text-xxs","navigation_mode":"scrolling","scrolling_speed":30,"background":"#1f479e","background_gradient":"","text_color":"#faf9f6"}},"header":{"type":"header","blocks":{"f569c91a-5153-477f-9281-055de912cc51":{"type":"mega_menu","settings":{"menu_item":"Garn","layout":"horizontal_center","submenu_style":"bold_heading","image_heading_1":"","image_link_1":"shopify:\/\/collections\/ugens-tilbud","image_text_color_1":"#ffffff","image_heading_2":"","image_link_2":"","image_text_color_2":"#ffffff","image_heading_3":"","image_link_3":"","image_text_color_3":"#ffffff","product":"","product_card_background":"","product_card_text_color":"","promo_content_layout":"grid","stretch_promo":false,"drawer_link_image":"hide"}},"ae2652bf-34f6-48af-9dbf-ede3572d138e":{"type":"mega_menu","settings":{"menu_item":"Garnkits","layout":"horizontal_center","submenu_style":"bold_heading","image_1":"shopify:\/\/shop_images\/Skaermbillede2023-10-02kl.16.31.50.png","image_heading_1":"Se garnkits til Dame","image_link_1":"shopify:\/\/products\/eva-cardigan","image_text_color_1":"#ffffff","image_2":"shopify:\/\/shop_images\/Sophie-scarf.jpg","image_heading_2":"Se Tilbehør","image_link_2":"shopify:\/\/products\/sophie-scarf-garnkit","image_text_color_2":"#ffffff","image_3":"shopify:\/\/shop_images\/Storm-Sweater-Man.gif","image_heading_3":"Se garnkits til Herre","image_link_3":"","image_text_color_3":"#ffffff","product":"","product_card_background":"","product_card_text_color":"","promo_content_layout":"grid","stretch_promo":false,"drawer_link_image":"hide"}},"937a4da7-09aa-41c0-98eb-1f9fc7006bd5":{"type":"mega_menu","settings":{"menu_item":"Strikkeudstyr","layout":"horizontal_center","submenu_style":"bold_heading","image_1":"shopify:\/\/shop_images\/Pindetui-to-go.png","image_heading_1":"","image_link_1":"","image_text_color_1":"#faf9f6","image_2":"shopify:\/\/shop_images\/QB-2530R9-Whisky-Extra7_jpg_92591b71-05a1-436c-9f03-3dbd337b303e.webp","image_heading_2":"","image_link_2":"","image_text_color_2":"#ffffff","image_heading_3":"","image_link_3":"","image_text_color_3":"#ffffff","product":"","product_card_background":"","product_card_text_color":"","promo_content_layout":"grid","stretch_promo":false,"drawer_link_image":"hide"}},"70d9f513-89b6-4b3b-842c-cff3ab14c827":{"type":"mega_menu","settings":{"menu_item":"Strikkepinde","layout":"horizontal_center","submenu_style":"bold_heading","image_1":"shopify:\/\/shop_images\/Knitpro-Deluxe-Runpindesaet.png","image_heading_1":"Deluxe strikkepindesæt","image_link_1":"","image_text_color_1":"#ffffff","image_2":"shopify:\/\/shop_images\/AddiNovelLace.png","image_heading_2":"Ergonomisk sæt","image_link_2":"","image_text_color_2":"#ffffff","image_heading_3":"","image_link_3":"","image_text_color_3":"#ffffff","product":"","product_card_background":"","product_card_text_color":"","promo_content_layout":"grid","stretch_promo":false,"drawer_link_image":"hide"}}},"block_order":["f569c91a-5153-477f-9281-055de912cc51","ae2652bf-34f6-48af-9dbf-ede3572d138e","937a4da7-09aa-41c0-98eb-1f9fc7006bd5","70d9f513-89b6-4b3b-842c-cff3ab14c827"],"settings":{"enable_sticky":true,"hide_on_scroll":true,"logo":"shopify:\/\/shop_images\/logo_50_48407138-589f-47db-9ee3-b6df038d8326.png","logo_max_width":205,"logo_mobile_max_width":170,"menu":"mega-menu-desktop","sidebar_menu":"","secondary_menu":"","menu_open_trigger":"hover","opening_from":"left","layout":"logo_left_navigation_center","show_social_media":false,"show_locale_selector":false,"show_country_selector":false,"show_country_flag":false,"show_country_name":false,"transparent_header_text_color":"#1a1a1a","reduce_padding":true,"background_opacity":100,"background_blur_radius":0}}},"order":["announcement-bar","header"]}