{"type":"custom.overlay","name":"Overlay group","sections":{"newsletter-popup":{"type":"newsletter-popup","disabled":true,"settings":{"apparition_delay":5,"show_only_on_index":true,"show_only_for_visitors":true,"show_only_once":true,"title":"Signup for our newsletter","button_text":"Subscribe","subtext":"Describe what your customers will receive when subscribing to your newsletter."}},"privacy-banner":{"type":"privacy-banner","disabled":true,"settings":{"privacy_bar_title":"Garn og personoplysninger: Vi værner om begge dele!","privacy_bar_content":"<p>Vi og vores partnere bruger cookies og andre teknologier til at forbedre din oplevelse og skræddersy markedsføring. Se detaljer i vores politik om beskyttelse af persondata.<\/p>"}},"cart-drawer":{"type":"cart-drawer","settings":{"show_cart_note":true,"show_shipping_text":false,"show_view_cart_button":false,"show_checkout_button":true,"recommendations_title":"Lidt ekstra godt til din bestilling..","products":["refresh-your-knit-with-petiteknit-lint-remover","put-your-stitches-on-hold-maskewires","addi-click-novel-long-set","strikkebogen-kimmie-munkholm-preorder"],"product_card_background":"#f2f2f2","product_card_text_color":"#1f479e"}},"search-drawer":{"type":"search-drawer","settings":{"full_width":false,"show_article_category":true,"search_menu":"mega-menu-desktop","search_menu_show_title":false}}},"order":["newsletter-popup","privacy-banner","cart-drawer","search-drawer"]}