{"sections":{"banner":{"type":"collection-banner","disabled":true,"settings":{"full_width":false,"allow_transparent_header":false,"enable_parallax":true,"show_collection_title":true,"show_collection_description":true,"show_collection_image":true,"collection_title_size":"h0","image_size":"auto","mobile_text_position":"place-self-center text-center","desktop_text_position":"sm:place-self-center sm:text-center","featured_product":"","featured_product_heading":"Featured product","text_color":"#ffffff","overlay_color":"#000000","overlay_opacity":30}},"main":{"type":"main-collection","disabled":true,"settings":{"products_per_page":24,"products_per_row_mobile":"2","products_per_row_desktop":3,"filter_layout":"horizontal","show_sort_by":false,"show_filters":false,"show_filter_group_name":false,"show_color_swatch":true,"show_empty_filter_values":false,"show_filter_values_count":true,"open_first_filter_group":false}},"23a72697-9adb-42a4-b879-21781f7a016e":{"type":"image-with-text-overlay","blocks":{"template--19928560795993__23a72697-9adb-42a4-b879-21781f7a016e-heading-1":{"type":"heading","settings":{"text":"\"Oprydning i garnlageret? Nu skal jeg bruge et større!\"","heading_tag":"h2"}}},"block_order":["template--19928560795993__23a72697-9adb-42a4-b879-21781f7a016e-heading-1"],"disabled":true,"settings":{"full_width":true,"allow_transparent_header":false,"enable_parallax":false,"image_size":"auto","mobile_text_position":"place-self-center text-center","desktop_text_position":"sm:place-self-center sm:text-center","text_color":"#ffffff","overlay_color":"#000000","overlay_opacity":30}},"07e1d081-fc67-4cdb-a2bc-8d1e6048a5c8":{"type":"featured-collection","settings":{"collection":"garn-strikkegarn","products":[],"full_width":true,"stack_products":false,"show_progress_bar":true,"products_count":20,"products_per_row_mobile":"2","products_per_row_desktop":5,"subheading":"","title":"Lige nu: Vores mest populære garn","content":"","link_url":"","link_text":"","background":"","background_gradient":"","text_color":"","heading_color":"","heading_gradient":"","product_card_background":"","product_card_text_color":""}},"44c95ed4-1eaf-484f-93b3-0c930b011f1d":{"type":"multi-column","blocks":{"template--19928560795993__44c95ed4-1eaf-484f-93b3-0c930b011f1d-item-1":{"type":"item","settings":{"image":"shopify:\/\/shop_images\/Photo_6553682_DJI_82_jpg_4741125_0_202255144258_photo_original____jpg.jpg","column_size":"3","title":"","heading_tag":"h4","content":"","link_url":"shopify:\/\/collections\/sandnes-garn","link_text":"","link_style":"link"}},"template--19928560795993__44c95ed4-1eaf-484f-93b3-0c930b011f1d-item-2":{"type":"item","settings":{"column_size":"1.5","title":"Strik med garn fra Sandnes","heading_tag":"h4","content":"<p>Pair text with an image to focus on your chosen product, collection, or blog post. Add details on availability, style, or even provide a review.<\/p>","link_url":"shopify:\/\/collections\/sandnes-garn","link_text":"Se vores garnkvaliteter fra Sandnes Garn","link_style":"link"}}},"block_order":["template--19928560795993__44c95ed4-1eaf-484f-93b3-0c930b011f1d-item-1","template--19928560795993__44c95ed4-1eaf-484f-93b3-0c930b011f1d-item-2"],"settings":{"full_width":true,"stack_on_mobile":true,"gap":"medium","text_alignment":"start","subheading":"","title":"Sandnes Garn","content":"<p>Organize content into multiple columns to share useful information to your customers about your products, values...<\/p>","background":"","background_gradient":"","text_color":""}},"f6867a34-a51c-41d0-b097-39b0702e0704":{"type":"multi-column","blocks":{"28d5cf76-dbe0-40bb-8c71-3ea4bb9f95cb":{"type":"item","settings":{"image":"shopify:\/\/shop_images\/Photo_6553682_DJI_82_jpg_4741125_0_202255144258_photo_original____jpg.jpg","column_size":"3","title":"","heading_tag":"h4","content":"","link_url":"shopify:\/\/collections\/sandnes-garn","link_text":"","link_style":"link"}},"a6feeec4-d640-4bd2-9032-337dc80e5d14":{"type":"item","settings":{"column_size":"1.5","title":"Strik med garn fra Gepard","heading_tag":"h4","content":"<p>Pair text with an image to focus on your chosen product, collection, or blog post. Add details on availability, style, or even provide a review.<\/p>","link_url":"shopify:\/\/collections\/sandnes-garn","link_text":"Se vores garnkvaliteter fra Sandnes Garn","link_style":"link"}}},"block_order":["28d5cf76-dbe0-40bb-8c71-3ea4bb9f95cb","a6feeec4-d640-4bd2-9032-337dc80e5d14"],"settings":{"full_width":true,"stack_on_mobile":true,"gap":"medium","text_alignment":"start","subheading":"","title":"Gepard Garn","content":"<p>Organize content into multiple columns to share useful information to your customers about your products, values...<\/p>","background":"","background_gradient":"","text_color":""}},"2f84fd62-9b13-4d26-b28d-5b94e050ac23":{"type":"multi-column","blocks":{"f73f2eb2-f251-4396-9f37-b479e7f6fcac":{"type":"item","settings":{"image":"shopify:\/\/shop_images\/Photo_6553682_DJI_82_jpg_4741125_0_202255144258_photo_original____jpg.jpg","column_size":"3","title":"","heading_tag":"h4","content":"","link_url":"shopify:\/\/collections\/sandnes-garn","link_text":"","link_style":"link"}},"bfa447f8-a7ff-42f4-bf67-64694e400b29":{"type":"item","settings":{"column_size":"1.5","title":"Strik med garn fra Mohair by Canard","heading_tag":"h4","content":"<p>Pair text with an image to focus on your chosen product, collection, or blog post. Add details on availability, style, or even provide a review.<\/p>","link_url":"shopify:\/\/collections\/sandnes-garn","link_text":"Se vores garnkvaliteter fra Sandnes Garn","link_style":"link"}}},"block_order":["f73f2eb2-f251-4396-9f37-b479e7f6fcac","bfa447f8-a7ff-42f4-bf67-64694e400b29"],"settings":{"full_width":true,"stack_on_mobile":true,"gap":"medium","text_alignment":"start","subheading":"","title":"Mohair by Canard","content":"<p>Organize content into multiple columns to share useful information to your customers about your products, values...<\/p>","background":"","background_gradient":"","text_color":""}},"5cb9e230-1085-4fc9-b658-330c50f7b2d5":{"type":"multi-column","blocks":{"13b25f5a-b076-4289-b50f-dd803af41b58":{"type":"item","settings":{"image":"shopify:\/\/shop_images\/Photo_6553682_DJI_82_jpg_4741125_0_202255144258_photo_original____jpg.jpg","column_size":"3","title":"","heading_tag":"h4","content":"","link_url":"shopify:\/\/collections\/sandnes-garn","link_text":"","link_style":"link"}},"13065c62-8388-4d75-8344-c551d1f409dc":{"type":"item","settings":{"column_size":"1.5","title":"Strik med garn fra Lang Yarn","heading_tag":"h4","content":"<p>Pair text with an image to focus on your chosen product, collection, or blog post. Add details on availability, style, or even provide a review.<\/p>","link_url":"shopify:\/\/collections\/sandnes-garn","link_text":"Se vores garnkvaliteter fra Sandnes Garn","link_style":"link"}}},"block_order":["13b25f5a-b076-4289-b50f-dd803af41b58","13065c62-8388-4d75-8344-c551d1f409dc"],"settings":{"full_width":true,"stack_on_mobile":true,"gap":"medium","text_alignment":"start","subheading":"","title":"Lang Yarn","content":"<p>Organize content into multiple columns to share useful information to your customers about your products, values...<\/p>","background":"","background_gradient":"","text_color":""}},"8a43510b-91af-4407-b8bb-9c44b42473cb":{"type":"multi-column","blocks":{"982e1f9d-837f-4d02-ad63-8cd90a0177dc":{"type":"item","settings":{"image":"shopify:\/\/shop_images\/Photo_6553682_DJI_82_jpg_4741125_0_202255144258_photo_original____jpg.jpg","column_size":"3","title":"","heading_tag":"h4","content":"","link_url":"shopify:\/\/collections\/sandnes-garn","link_text":"","link_style":"link"}},"b8ac511e-1cae-44b8-9e7e-f55c3bc8aaac":{"type":"item","settings":{"column_size":"1.5","title":"Strik med garn fra KAOS YARN","heading_tag":"h4","content":"<p>Pair text with an image to focus on your chosen product, collection, or blog post. Add details on availability, style, or even provide a review.<\/p>","link_url":"shopify:\/\/collections\/sandnes-garn","link_text":"Se vores garnkvaliteter fra Sandnes Garn","link_style":"link"}}},"block_order":["982e1f9d-837f-4d02-ad63-8cd90a0177dc","b8ac511e-1cae-44b8-9e7e-f55c3bc8aaac"],"settings":{"full_width":true,"stack_on_mobile":true,"gap":"medium","text_alignment":"start","subheading":"","title":"KAOS YARN","content":"<p>Organize content into multiple columns to share useful information to your customers about your products, values...<\/p>","background":"","background_gradient":"","text_color":""}},"39c25ea2-a365-4255-9d0a-0a08f9a1d567":{"type":"multi-column","blocks":{"227f88c4-b483-48e7-a977-4b173abda4c8":{"type":"item","settings":{"image":"shopify:\/\/shop_images\/Photo_6553682_DJI_82_jpg_4741125_0_202255144258_photo_original____jpg.jpg","column_size":"3","title":"","heading_tag":"h4","content":"","link_url":"shopify:\/\/collections\/sandnes-garn","link_text":"","link_style":"link"}},"a27d3fbf-5f06-445d-ba43-c2c75da13fd7":{"type":"item","settings":{"column_size":"1.5","title":"Strik med garn fra Drops","heading_tag":"h4","content":"<p>Pair text with an image to focus on your chosen product, collection, or blog post. Add details on availability, style, or even provide a review.<\/p>","link_url":"shopify:\/\/collections\/sandnes-garn","link_text":"Se vores garnkvaliteter fra Sandnes Garn","link_style":"link"}}},"block_order":["227f88c4-b483-48e7-a977-4b173abda4c8","a27d3fbf-5f06-445d-ba43-c2c75da13fd7"],"settings":{"full_width":true,"stack_on_mobile":true,"gap":"medium","text_alignment":"start","subheading":"","title":"Drops Garn","content":"<p>Organize content into multiple columns to share useful information to your customers about your products, values...<\/p>","background":"","background_gradient":"","text_color":""}},"3858febf-dc5e-4b84-b066-d6f21ffddfe9":{"type":"testimonials","blocks":{"template--19928560795993__3858febf-dc5e-4b84-b066-d6f21ffddfe9-testimonial-1":{"type":"testimonial","settings":{"round_avatar":true,"show_rating":true,"rating":5,"author":"","title":"","content":"<p>\"Altid dejligt at besøge Den Lille Garnbiks. Rigtigt hyggeligt og altid god service, og hjælp til det kommende strikkeprojekt\"<\/p>"}},"template--19928560795993__3858febf-dc5e-4b84-b066-d6f21ffddfe9-testimonial-2":{"type":"testimonial","settings":{"round_avatar":true,"show_rating":true,"rating":5,"author":"","title":"God kundeservice","content":"<p>\"Har bestilt hos dem flere gange, og hver gang har der været kundeservice.\"<\/p>"}},"template--19928560795993__3858febf-dc5e-4b84-b066-d6f21ffddfe9-testimonial-3":{"type":"testimonial","settings":{"round_avatar":true,"show_rating":true,"rating":5,"author":"","title":"","content":"<p>\"Fanastisk service hurtig ekspedition og de gør alt hvad de kan for at hjælpe med at få eks udsolgte vare hjem til dig. Altid godt humør og god stemning.Dejlig lille \"ny\"butik...🙏❤️\"<\/p>"}},"927bf34a-e655-4bff-9a75-b1d367350ceb":{"type":"testimonial","settings":{"round_avatar":true,"show_rating":true,"rating":5,"author":"","title":"Den skønneste butik med de sødeste…","content":"<p>\"Den skønneste butik med de sødeste ansatte! Har modtaget jeres lille påskeæg, og sikke en fin sag der skal strikkes 😍\"<\/p>"}},"de302f9f-7d1a-4986-9ac5-a10c47defc16":{"type":"testimonial","settings":{"round_avatar":true,"show_rating":true,"rating":5,"author":"","title":"Meget fin oplevelse","content":"<p>\"Meget fin oplevelse - hurtig levering med sød lille håndskrevet hilsen. Det kunne mange lære noget af ♥️\"<\/p>"}}},"block_order":["template--19928560795993__3858febf-dc5e-4b84-b066-d6f21ffddfe9-testimonial-1","template--19928560795993__3858febf-dc5e-4b84-b066-d6f21ffddfe9-testimonial-2","template--19928560795993__3858febf-dc5e-4b84-b066-d6f21ffddfe9-testimonial-3","927bf34a-e655-4bff-9a75-b1d367350ceb","de302f9f-7d1a-4986-9ac5-a10c47defc16"],"settings":{"full_width":true,"stack_testimonials":false,"subheading":"","title":"I er simpelthen så søde ved os! 🫶🏼","content":"<p>Hver dag gør vi os umage for, at skabe den bedste garnbutik. Derfor betyder det meget for os, at høre fra jer!<\/p>","link_url":"https:\/\/dk.trustpilot.com\/review\/denlillegarnbiks.dk","link_text":"Du kan læse alle vores anmeldelser her","background":"#a8bac5","background_gradient":"","text_color":"","heading_color":"","heading_gradient":"","testimonial_card_background":"#ffffff","testimonial_card_text_color":""}}},"order":["banner","main","23a72697-9adb-42a4-b879-21781f7a016e","07e1d081-fc67-4cdb-a2bc-8d1e6048a5c8","44c95ed4-1eaf-484f-93b3-0c930b011f1d","f6867a34-a51c-41d0-b097-39b0702e0704","2f84fd62-9b13-4d26-b28d-5b94e050ac23","5cb9e230-1085-4fc9-b658-330c50f7b2d5","8a43510b-91af-4407-b8bb-9c44b42473cb","39c25ea2-a365-4255-9d0a-0a08f9a1d567","3858febf-dc5e-4b84-b066-d6f21ffddfe9"]}