{"sections":{"b162c0ec-fe06-47c9-b3ff-cbed1a32fc3f":{"type":"collection-list","blocks":{"template--19980309528921__b162c0ec-fe06-47c9-b3ff-cbed1a32fc3f-collection-1":{"type":"collection","settings":{"collection":"garnkits-til-kvinde-med-sweater","image":"shopify:\/\/shop_images\/Jenny-sweater.jpg","subheading":"","title":"Sweater","url":"shopify:\/\/collections\/garnkits-til-kvinde-med-sweater","heading_tag":"h3","text_position":"place-self-center text-center","text_color":"#ffffff","overlay_color":"#000000","overlay_opacity":20}},"template--19980309528921__b162c0ec-fe06-47c9-b3ff-cbed1a32fc3f-collection-2":{"type":"collection","settings":{"collection":"garnkits-til-kvinde-med-slipovers","image":"shopify:\/\/shop_images\/Slanting-slipover.jpg","subheading":"","title":"Slipover","url":"shopify:\/\/collections\/garnkits-til-kvinde-med-slipovers","heading_tag":"h3","text_position":"place-self-center text-center","text_color":"#ffffff","overlay_color":"#000000","overlay_opacity":20}},"template--19980309528921__b162c0ec-fe06-47c9-b3ff-cbed1a32fc3f-collection-3":{"type":"collection","settings":{"collection":"garnkits-til-kvinde-med-cardigans","image":"shopify:\/\/shop_images\/Agnete-Cardigan_75298305-6fbc-46c5-9040-c0c9a6082196.jpg","subheading":"","title":"Cardigan","url":"shopify:\/\/collections\/garnkits-til-kvinde-med-cardigans","heading_tag":"h3","text_position":"place-self-center text-center","text_color":"#ffffff","overlay_color":"#000000","overlay_opacity":20}},"1160442d-d618-4884-bcfd-5f2aa2303bde":{"type":"collection","settings":{"collection":"garnkits-til-kvinde-med-t-shirts","image":"shopify:\/\/shop_images\/Poppy-Tee.jpg","subheading":"","title":"T-shirt","url":"shopify:\/\/collections\/garnkits-til-kvinde-med-t-shirts","heading_tag":"h3","text_position":"place-self-center text-center","text_color":"#ffffff","overlay_color":"#000000","overlay_opacity":20}}},"block_order":["template--19980309528921__b162c0ec-fe06-47c9-b3ff-cbed1a32fc3f-collection-1","template--19980309528921__b162c0ec-fe06-47c9-b3ff-cbed1a32fc3f-collection-2","template--19980309528921__b162c0ec-fe06-47c9-b3ff-cbed1a32fc3f-collection-3","1160442d-d618-4884-bcfd-5f2aa2303bde"],"settings":{"full_width":true,"stack_collections":false,"collections_per_row":4,"show_progress_bar":false,"subheading":"","title":"Hvilke garnkits søger du?","content":"","link_url":"","link_text":"","background":"","background_gradient":"","text_color":"","heading_color":"","heading_gradient":""}},"banner":{"type":"collection-banner","disabled":true,"settings":{"full_width":false,"allow_transparent_header":false,"enable_parallax":true,"show_collection_title":true,"show_collection_description":true,"show_collection_image":true,"collection_title_size":"h0","image_size":"auto","mobile_text_position":"place-self-center text-center","desktop_text_position":"sm:place-self-center sm:text-center","featured_product":"","featured_product_heading":"Featured product","text_color":"#ffffff","overlay_color":"#000000","overlay_opacity":30}},"6d7b73af-7e49-4b66-af31-2eaef6b85c57":{"type":"rich-text","blocks":{"template--19980309528921__6d7b73af-7e49-4b66-af31-2eaef6b85c57-subheading-1":{"type":"subheading","disabled":true,"settings":{"text":"Find +1000 forskellige garnkits"}},"template--19980309528921__6d7b73af-7e49-4b66-af31-2eaef6b85c57-heading-1":{"type":"heading","settings":{"text":"Vi har gjort det super simpelt for dig","heading_tag":"h2","text_color":"#1f479e","gradient":""}},"template--19980309528921__6d7b73af-7e49-4b66-af31-2eaef6b85c57-richtext-1":{"type":"richtext","settings":{"content":"<p><strong>1. <\/strong>Vælg hvilket garnkit du ønsker <strong>2.<\/strong> Vælg størrelse (evt. brug størrelsesguide) <strong>3.<\/strong> Vælg farve til dit garnkit<\/p>"}}},"block_order":["template--19980309528921__6d7b73af-7e49-4b66-af31-2eaef6b85c57-subheading-1","template--19980309528921__6d7b73af-7e49-4b66-af31-2eaef6b85c57-heading-1","template--19980309528921__6d7b73af-7e49-4b66-af31-2eaef6b85c57-richtext-1"],"settings":{"full_width":true,"content_width":"large","text_position":"center","background":"","background_gradient":"","text_color":""}},"main":{"type":"main-collection","settings":{"products_per_page":30,"products_per_row_mobile":"2","products_per_row_desktop":3,"filter_layout":"horizontal","show_sort_by":true,"show_filters":true,"show_filter_group_name":false,"show_color_swatch":true,"show_empty_filter_values":false,"show_filter_values_count":true,"open_first_filter_group":false}}},"order":["b162c0ec-fe06-47c9-b3ff-cbed1a32fc3f","banner","6d7b73af-7e49-4b66-af31-2eaef6b85c57","main"]}