{"sections":{"banner":{"type":"collection-banner","disabled":true,"settings":{"full_width":false,"allow_transparent_header":false,"enable_parallax":true,"show_collection_title":true,"show_collection_description":true,"show_collection_image":true,"collection_title_size":"h0","image_size":"auto","mobile_text_position":"place-self-center text-center","desktop_text_position":"sm:place-self-center sm:text-center","featured_product":"","featured_product_heading":"Featured product","text_color":"#ffffff","overlay_color":"#000000","overlay_opacity":30}},"slideshow_D44NqM":{"type":"slideshow","blocks":{"image_WwBdhe":{"type":"image","settings":{"image":"shopify:\/\/shop_images\/paaskeaeg-produktside.png","mobile_image":"shopify:\/\/shop_images\/paaskeaeg-kvadrat_4abdd84a-7121-4b06-a1f2-eb5136c671e5.png","content_max_width":780,"mobile_text_position":"place-self-center text-center","desktop_text_position":"sm:place-self-center sm:text-center","subheading":"","title":"","heading_tag":"h0","button_text":"","button_link":"","text_color":"#ffffff","button_background":"#ffffff","button_text_color":"#000000","overlay_color":"#000000","overlay_opacity":0,"background":"","background_gradient":""}}},"block_order":["image_WwBdhe"],"settings":{"full_width":true,"allow_transparent_header":false,"image_size":"auto","controls_type":"dots","transition_type":"fade_with_text","autoplay":false,"cycle_speed":6,"background":"#f2f2f2","background_gradient":""}},"text_with_icons_wKtLRm":{"type":"text-with-icons","blocks":{"item_H7yqka":{"type":"item","settings":{"icon":"picto-coupon","custom_icon":"shopify:\/\/shop_images\/Garnkits.png","mobile_icon_width":120,"icon_width":120,"icon_background_type":"none","icon_background":"","icon_color":"","title":"1. Vælg Påskeæg","content":"<p>Vi har i år lavet forskellige varianter af Årets Påskeæg, sådan at du uanset budget eller niveau kan finde et passende til dig.<\/p>"}},"item_bPkXJB":{"type":"item","settings":{"icon":"picto-coupon","custom_icon":"shopify:\/\/shop_images\/maalebaand..png","mobile_icon_width":120,"icon_width":120,"icon_background_type":"none","icon_background":"","icon_color":"","title":"2. Vælg størrelse","content":"<p>Du modtager garn passende til den størrelse du ønsker at strikke. Du kan evt. bruge størrelsesguide som hjælp<\/p>"}},"item_MTF986":{"type":"item","settings":{"icon":"picto-coupon","custom_icon":"shopify:\/\/shop_images\/garnnoegler_2.png","mobile_icon_width":120,"icon_width":120,"icon_background_type":"none","icon_background":"","icon_color":"","title":"3. Vælg farve","content":"<p>Du vælger selv hvilken farve du ønsker at modtager, sådan vi sikre at projektet bliver lige som ønsket<\/p>"}},"item_KFhhni":{"type":"item","settings":{"icon":"picto-coupon","custom_icon":"shopify:\/\/shop_images\/Personlig_indpakning_af6e794a-d99c-4e35-9af3-5919df2ac6f5.png","mobile_icon_width":120,"icon_width":120,"icon_background_type":"none","icon_background":"","icon_color":"","title":"4. Forbered dig på en unik strikkeoplevelse","content":"<p>Vi sender alle Påskeæg d. 25\/3 og gør vores bedste for, at du får en unik strikkeoplevelse med vores Påskeæg - rigtig god fornøjelse<\/p>"}}},"block_order":["item_H7yqka","item_bPkXJB","item_MTF986","item_KFhhni"],"settings":{"full_width":true,"stack_on_mobile":false,"title":"","heading_tag":"h5","text_alignment":"center","icon_spacing":"small","background":"","background_gradient":"","text_color":""}},"main":{"type":"main-collection","settings":{"products_per_page":30,"products_per_row_mobile":"2","products_per_row_desktop":2,"filter_layout":"horizontal","show_sort_by":true,"show_filters":true,"show_filter_group_name":false,"show_color_swatch":true,"show_empty_filter_values":false,"show_filter_values_count":true,"open_first_filter_group":false}}},"order":["banner","slideshow_D44NqM","text_with_icons_wKtLRm","main"]}