{"sections":{"banner":{"type":"collection-banner","disabled":true,"settings":{"full_width":false,"allow_transparent_header":false,"enable_parallax":true,"show_collection_title":true,"show_collection_description":true,"show_collection_image":true,"collection_title_size":"h0","image_size":"auto","mobile_text_position":"place-self-center text-center","desktop_text_position":"sm:place-self-center sm:text-center","featured_product":"","featured_product_heading":"Featured product","text_color":"#ffffff","overlay_color":"#000000","overlay_opacity":30}},"main":{"type":"main-collection","settings":{"products_per_page":30,"products_per_row_mobile":"2","products_per_row_desktop":3,"filter_layout":"horizontal","show_sort_by":true,"show_filters":true,"show_filter_group_name":false,"show_color_swatch":true,"show_empty_filter_values":false,"show_filter_values_count":true,"open_first_filter_group":false}},"f93af4b3-beeb-4133-80ff-59889f2a3aac":{"type":"multi-column","blocks":{"template--19929099829593__f93af4b3-beeb-4133-80ff-59889f2a3aac-item-1":{"type":"item","settings":{"column_size":"3","title":"","heading_tag":"h4","content":"<p>\"Eucalan er en skyllefri formel, der frigiver snavs og partikler fra fibrene og ned i vandet. Dette gør det velegnet til behandling af selv de mest udfordrende og sarte genstande.\"<\/p>","link_url":"","link_text":"","link_style":"link"}},"template--19929099829593__f93af4b3-beeb-4133-80ff-59889f2a3aac-item-2":{"type":"item","settings":{"image":"shopify:\/\/shop_images\/Group_99.webp","column_size":"1.5","title":"","heading_tag":"h4","content":"","link_url":"","link_text":"","link_style":"link"}},"template--19929099829593__f93af4b3-beeb-4133-80ff-59889f2a3aac-item-3":{"type":"item","settings":{"column_size":"2","title":"\"Strik med kærlighed, plej med omhu.\"","heading_tag":"h2","content":"<p>Eucalan er en skyllefri vask, der skånsomt fjerner snavs uden behov for en sidste skylning. Lanolin styrker og plejer tøjfibrene, hvilket især er godt for uld og strik.<\/p>","link_url":"","link_text":"","link_style":"link"}},"e598e5f1-5cd9-4840-8910-d7975655f028":{"type":"item","settings":{"image":"shopify:\/\/shop_images\/Group_151.webp","column_size":"2","title":"","heading_tag":"h4","content":"","link_url":"","link_text":"","link_style":"link"}}},"block_order":["template--19929099829593__f93af4b3-beeb-4133-80ff-59889f2a3aac-item-1","template--19929099829593__f93af4b3-beeb-4133-80ff-59889f2a3aac-item-2","template--19929099829593__f93af4b3-beeb-4133-80ff-59889f2a3aac-item-3","e598e5f1-5cd9-4840-8910-d7975655f028"],"settings":{"full_width":true,"stack_on_mobile":true,"gap":"small","text_alignment":"start","subheading":"","title":"Eucalan Uldsæbe: Vask & Pleje Af Dit Strikketøj","content":"","background":"","background_gradient":"","text_color":""}},"eb80ed65-1f9e-41e8-b608-5538ac636662":{"type":"blog-posts","blocks":{"template--19929099829593__eb80ed65-1f9e-41e8-b608-5538ac636662-blog-1":{"type":"blog","settings":{"blog":"","posts_count":3,"stack_items":false}}},"block_order":["template--19929099829593__eb80ed65-1f9e-41e8-b608-5538ac636662-blog-1"],"disabled":true,"settings":{"full_width":true,"show_excerpt":true,"show_date":true,"show_author":false,"show_comments_count":false,"show_category":true,"subheading":"","title":"Blog posts","content":"","link_url":"","link_text":"View all","background":"","background_gradient":"","text_color":"","heading_color":"","heading_gradient":""}},"ca135466-28a3-45ec-8187-4ed65c2eaed1":{"type":"featured-collection","settings":{"collection":"","products":["eucalan-uldsaebe-eucalyptus","eucalan-uldsaebe-grape-1","eucalan-uldsaebe-jasmin","eucalan-uldsaebe-lavendel","eucalan-uldsaebe-neutral"],"full_width":true,"stack_products":false,"show_progress_bar":false,"products_count":6,"products_per_row_mobile":"2","products_per_row_desktop":3,"subheading":"","title":"Hvilken duft er din favorit?","content":"","link_url":"","link_text":"Se alle","background":"","background_gradient":"","text_color":"","heading_color":"","heading_gradient":"","product_card_background":"","product_card_text_color":""}},"739c7e18-6ee1-4229-a37c-8ea27346d702":{"type":"faq","blocks":{"template--19929446187353__739c7e18-6ee1-4229-a37c-8ea27346d702-item-1":{"type":"item","settings":{"title":"Hvad er holdbarheden af Eucalan-produkterne?","content":"<ul><li>Eucalan har en holdbarhed på mindst 10 år, afhængigt af hvordan det opbevares.<\/li><\/ul>"}},"template--19929446187353__739c7e18-6ee1-4229-a37c-8ea27346d702-item-2":{"type":"item","settings":{"title":"Hvorfor anbefaler Eucalan ikke at skylde sæben ud?","content":"<ul><li>Eucalan skummer ikke meget, og formlen kræver ikke skylning.<\/li><\/ul><p><\/p><ul><li>Med uld hjælper mindre håndtering, mens det er vådt, med at undgå sammenfiltning og krympning. Temperaturændringer fra vaskevand til skyllevand forårsager krympning i uld.<\/li><\/ul><p><\/p><ul><li>Ingen skylning sikrer, at noget eucalyptus- eller lavendelaroma (for at hæmme møl) forbliver i stoffet.<\/li><\/ul>"}},"template--19929446187353__739c7e18-6ee1-4229-a37c-8ea27346d702-item-3":{"type":"item","settings":{"title":"Hvor meget Eucalan skal jeg tilføje ved brug?","content":"<ul><li>Tilsæt 5 ml\/1 tsk. Eucalan pr. 4 liter\/1 gallon vand. Mere Eucalan kan tilsættes til stærkt snavsede genstande.<\/li><\/ul>"}},"a1dc8cbb-1f45-489e-b9c3-1cbc8c921e23":{"type":"item","settings":{"title":"Hvad er lanolin?","content":"<ul><li>Lanolin er en olie, der udvindes fra fårets uld ved at køre det gennem en centrifugemaskine. Maskinen adskiller olien fra andre kemikalier og affald. Processen udføres efter, at fåret er blevet klippet, så udvindingen af lanolin skader ikke fåret.<\/li><\/ul><p><\/p><ul><li>Lanolin er meget kompatibelt med vores egen hudolie, mere end vegetabilske og mineralske olier.<\/li><\/ul>"}}},"block_order":["template--19929446187353__739c7e18-6ee1-4229-a37c-8ea27346d702-item-1","template--19929446187353__739c7e18-6ee1-4229-a37c-8ea27346d702-item-2","template--19929446187353__739c7e18-6ee1-4229-a37c-8ea27346d702-item-3","a1dc8cbb-1f45-489e-b9c3-1cbc8c921e23"],"settings":{"full_width":true,"subheading":"","title":"FAQ: Eucalan uldsæbe - Vask & pleje af dit strikketøj","content":"","team_avatar_width":160,"support_hours":"","answer_time":"","button_text":"","button_url":"","text_position":"start","background":"","background_gradient":"","text_color":"","heading_color":"","heading_gradient":"","button_background":"","button_text_color":"","accordion_background":"","accordion_text_color":""}}},"order":["banner","main","f93af4b3-beeb-4133-80ff-59889f2a3aac","eb80ed65-1f9e-41e8-b608-5538ac636662","ca135466-28a3-45ec-8187-4ed65c2eaed1","739c7e18-6ee1-4229-a37c-8ea27346d702"]}