{"sections":{"banner":{"type":"collection-banner","disabled":true,"settings":{"full_width":false,"allow_transparent_header":false,"enable_parallax":true,"show_collection_title":true,"show_collection_description":true,"show_collection_image":true,"collection_title_size":"h0","image_size":"auto","mobile_text_position":"place-self-center text-center","desktop_text_position":"sm:place-self-center sm:text-center","featured_product":"","featured_product_heading":"Featured product","text_color":"#ffffff","overlay_color":"#000000","overlay_opacity":30}},"main":{"type":"main-collection","settings":{"products_per_page":30,"products_per_row_mobile":"2","products_per_row_desktop":4,"filter_layout":"horizontal","show_sort_by":true,"show_filters":true,"show_filter_group_name":false,"show_color_swatch":true,"show_empty_filter_values":false,"show_filter_values_count":true,"open_first_filter_group":false}},"f93af4b3-beeb-4133-80ff-59889f2a3aac":{"type":"multi-column","blocks":{"template--19929099829593__f93af4b3-beeb-4133-80ff-59889f2a3aac-item-1":{"type":"item","settings":{"column_size":"3","title":"Muud Living","heading_tag":"h4","content":"<p>\"Muud designer smukke accessories i kvalitets læder, der er skabt til at holde i mange år.\"<\/p>","link_url":"","link_text":"","link_style":"link"}},"template--19929099829593__f93af4b3-beeb-4133-80ff-59889f2a3aac-item-2":{"type":"item","settings":{"image":"shopify:\/\/shop_images\/Knitting_Banner3_1_1024x1024_jpg_2a896da5-995a-4e31-a5ee-a5876e95ef20.webp","column_size":"1.5","title":"","heading_tag":"h4","content":"","link_url":"","link_text":"","link_style":"link"}},"template--19929099829593__f93af4b3-beeb-4133-80ff-59889f2a3aac-item-3":{"type":"item","settings":{"column_size":"2","title":"\"Dit strikketøj fortjener smuk opbevaring – når du er hjemme og på farten.\"","heading_tag":"h3","content":"<p>Hver taske er designet med stilfulde detaljer og praktiske lommer, der skaber overblik over dit tilbehør- og gør det nemt for dig at tage dine projekter med på farten.<\/p>","link_url":"","link_text":"","link_style":"link"}},"e598e5f1-5cd9-4840-8910-d7975655f028":{"type":"item","settings":{"image":"shopify:\/\/shop_images\/QB-2530R9-Whisky-Extra7_jpg_92591b71-05a1-436c-9f03-3dbd337b303e.webp","column_size":"2","title":"","heading_tag":"h4","content":"","link_url":"","link_text":"","link_style":"link"}}},"block_order":["template--19929099829593__f93af4b3-beeb-4133-80ff-59889f2a3aac-item-1","template--19929099829593__f93af4b3-beeb-4133-80ff-59889f2a3aac-item-2","template--19929099829593__f93af4b3-beeb-4133-80ff-59889f2a3aac-item-3","e598e5f1-5cd9-4840-8910-d7975655f028"],"settings":{"full_width":true,"stack_on_mobile":true,"gap":"small","text_alignment":"start","subheading":"","title":"Muud: Opbevaring Af Garn & Strikketilbehør I Særklasse","content":"","background":"","background_gradient":"","text_color":""}},"1cb7ccca-5010-4c22-9719-480b060258be":{"type":"before-after-image","settings":{"full_width":true,"subheading":"","title":"Er du til whisky eller sort?","content":"<p>Alle produkter fra MUUD bliver lavet i to farve varianter - hvilken skal du have?<\/p>","before_image":"shopify:\/\/shop_images\/Liv-Whisky.png","after_image":"shopify:\/\/shop_images\/Liv-Sort.png","expand_image":false,"text_position":"start","before_after_text_position":"top","before_text":"Whisky","after_text":"Sort","drag_initial_position":50,"background":"","background_gradient":"","text_color":"","before_text_color":"#faf9f6","after_text_color":"#faf9f6","drag_cursor_background":"#1f479e","drag_cursor_color":"#faf9f6"}},"eb80ed65-1f9e-41e8-b608-5538ac636662":{"type":"blog-posts","blocks":{"template--19929099829593__eb80ed65-1f9e-41e8-b608-5538ac636662-blog-1":{"type":"blog","settings":{"blog":"","posts_count":3,"stack_items":false}}},"block_order":["template--19929099829593__eb80ed65-1f9e-41e8-b608-5538ac636662-blog-1"],"disabled":true,"settings":{"full_width":true,"show_excerpt":true,"show_date":true,"show_author":false,"show_comments_count":false,"show_category":true,"subheading":"","title":"Blog posts","content":"","link_url":"","link_text":"View all","background":"","background_gradient":"","text_color":"","heading_color":"","heading_gradient":""}}},"order":["banner","main","f93af4b3-beeb-4133-80ff-59889f2a3aac","1cb7ccca-5010-4c22-9719-480b060258be","eb80ed65-1f9e-41e8-b608-5538ac636662"]}