{"sections":{"banner":{"type":"collection-banner","disabled":true,"settings":{"full_width":false,"allow_transparent_header":false,"enable_parallax":true,"show_collection_title":true,"show_collection_description":true,"show_collection_image":true,"collection_title_size":"h0","image_size":"auto","mobile_text_position":"place-self-center text-center","desktop_text_position":"sm:place-self-center sm:text-center","featured_product":"","featured_product_heading":"Featured product","text_color":"#ffffff","overlay_color":"#000000","overlay_opacity":30}},"main":{"type":"main-collection","settings":{"products_per_page":30,"products_per_row_mobile":"2","products_per_row_desktop":4,"filter_layout":"horizontal","show_sort_by":true,"show_filters":true,"show_filter_group_name":false,"show_color_swatch":true,"show_empty_filter_values":false,"show_filter_values_count":true,"open_first_filter_group":false}},"864ca644-6708-4e04-b4ac-f88c31770e2b":{"type":"collection-list","blocks":{"template--20301280706905__864ca644-6708-4e04-b4ac-f88c31770e2b-collection-1":{"type":"collection","settings":{"collection":"garnkits-med-opskrifter-fra-2202-mykt-til-dame","image":"shopify:\/\/shop_images\/Sandnes-haefte---mykt-til-damer.png","subheading":"Mykt til dame","title":"Kollektion \/ 2202","url":"shopify:\/\/collections\/garnkits-med-opskrifter-fra-2202-mykt-til-dame","heading_tag":"h3","text_position":"place-self-center text-center","text_color":"#1f479e","overlay_color":"#000000","overlay_opacity":0}},"template--20301280706905__864ca644-6708-4e04-b4ac-f88c31770e2b-collection-2":{"type":"collection","settings":{"collection":"garnkits-med-opskrifter-fra-2203-mykt-til-barn","image":"shopify:\/\/shop_images\/2302-Mykt-Til-Barn.jpg","subheading":"Mykt til barn","title":"Kollektion \/ 2203","url":"shopify:\/\/collections\/garnkits-med-opskrifter-fra-2203-mykt-til-barn","heading_tag":"h3","text_position":"place-self-center text-center","text_color":"#1f479e","overlay_color":"#000000","overlay_opacity":0}}},"block_order":["template--20301280706905__864ca644-6708-4e04-b4ac-f88c31770e2b-collection-1","template--20301280706905__864ca644-6708-4e04-b4ac-f88c31770e2b-collection-2"],"settings":{"full_width":true,"stack_collections":true,"collections_per_row":2,"show_progress_bar":false,"subheading":"","title":"I dag strikker alle typer mennesker. Hurra!","content":"","link_url":"shopify:\/\/collections\/garnkits-med-strikkeopskrifter-fra-sandnes-garn","link_text":"Se alle opskrifter fra Sandnes her","background":"","background_gradient":"","text_color":"","heading_color":"","heading_gradient":""}}},"order":["banner","main","864ca644-6708-4e04-b4ac-f88c31770e2b"]}