{"sections":{"banner":{"type":"collection-banner","disabled":true,"settings":{"full_width":false,"allow_transparent_header":false,"enable_parallax":true,"show_collection_title":true,"show_collection_description":true,"show_collection_image":true,"collection_title_size":"h0","image_size":"auto","mobile_text_position":"place-self-center text-center","desktop_text_position":"sm:place-self-center sm:text-center","featured_product":"","featured_product_heading":"Featured product","text_color":"#ffffff","overlay_color":"#000000","overlay_opacity":30}},"main":{"type":"main-collection","disabled":true,"settings":{"products_per_page":24,"products_per_row_mobile":"2","products_per_row_desktop":4,"filter_layout":"horizontal","show_sort_by":true,"show_filters":true,"show_filter_group_name":false,"show_color_swatch":true,"show_empty_filter_values":false,"show_filter_values_count":true,"open_first_filter_group":false}},"2995cc73-d5fc-4636-8aef-684e70702e01":{"type":"featured-product","blocks":{"template--19933198942553__2995cc73-d5fc-4636-8aef-684e70702e01-vendor-1":{"type":"vendor","settings":{}},"template--19933198942553__2995cc73-d5fc-4636-8aef-684e70702e01-title-1":{"type":"title","settings":{"heading_tag":"h2"}},"template--19933198942553__2995cc73-d5fc-4636-8aef-684e70702e01-badges-1":{"type":"badges","settings":{}},"template--19933198942553__2995cc73-d5fc-4636-8aef-684e70702e01-price-1":{"type":"price","settings":{"show_taxes_notice":false}},"template--19933198942553__2995cc73-d5fc-4636-8aef-684e70702e01-rating-1":{"type":"rating","settings":{"show_empty":false}},"template--19933198942553__2995cc73-d5fc-4636-8aef-684e70702e01-separator-1":{"type":"separator","settings":{}},"template--19933198942553__2995cc73-d5fc-4636-8aef-684e70702e01-description-1":{"type":"description","settings":{"collapse_content":false}},"template--19933198942553__2995cc73-d5fc-4636-8aef-684e70702e01-variant_picker-1":{"type":"variant_picker","settings":{"hide_sold_out_variants":false,"stack_blocks":true,"selector_mode":"block","color_mode":"color","size_chart_page":""}},"template--19933198942553__2995cc73-d5fc-4636-8aef-684e70702e01-quantity_selector-1":{"type":"quantity_selector","settings":{}},"template--19933198942553__2995cc73-d5fc-4636-8aef-684e70702e01-buy_buttons-1":{"type":"buy_buttons","settings":{"show_payment_button":true,"show_gift_card_recipient":true,"atc_button_background":"","atc_button_text_color":"","payment_button_background":"","payment_button_text_color":""}},"template--19933198942553__2995cc73-d5fc-4636-8aef-684e70702e01-pickup_availability-1":{"type":"pickup_availability","settings":{}}},"block_order":["template--19933198942553__2995cc73-d5fc-4636-8aef-684e70702e01-vendor-1","template--19933198942553__2995cc73-d5fc-4636-8aef-684e70702e01-title-1","template--19933198942553__2995cc73-d5fc-4636-8aef-684e70702e01-badges-1","template--19933198942553__2995cc73-d5fc-4636-8aef-684e70702e01-price-1","template--19933198942553__2995cc73-d5fc-4636-8aef-684e70702e01-rating-1","template--19933198942553__2995cc73-d5fc-4636-8aef-684e70702e01-separator-1","template--19933198942553__2995cc73-d5fc-4636-8aef-684e70702e01-description-1","template--19933198942553__2995cc73-d5fc-4636-8aef-684e70702e01-variant_picker-1","template--19933198942553__2995cc73-d5fc-4636-8aef-684e70702e01-quantity_selector-1","template--19933198942553__2995cc73-d5fc-4636-8aef-684e70702e01-buy_buttons-1","template--19933198942553__2995cc73-d5fc-4636-8aef-684e70702e01-pickup_availability-1"],"settings":{"full_width":true,"product":"{{ collection.metafields.custom.m_nedens_garnkit_1.value }}","desktop_media_width":45,"desktop_media_layout":"carousel_thumbnails_left","mobile_media_size":"expanded","mobile_carousel_control":"floating_dots","enable_video_autoplay":true,"enable_video_looping":false,"enable_image_zoom":true,"max_image_zoom_level":3,"background":"","background_gradient":"","text_color":"","input_background":"rgba(0,0,0,0)","input_text_color":""}}},"order":["banner","main","2995cc73-d5fc-4636-8aef-684e70702e01"]}