{"sections":{"24048fd4-e2eb-4067-91e5-fa6329bed9ce":{"type":"rich-text","blocks":{"template--19932749758809__24048fd4-e2eb-4067-91e5-fa6329bed9ce-subheading-1":{"type":"subheading","disabled":true,"settings":{"text":"Subheading"}},"template--19932749758809__24048fd4-e2eb-4067-91e5-fa6329bed9ce-heading-1":{"type":"heading","settings":{"text":"Ugens Unikke Tilbud","heading_tag":"h1","text_color":"","gradient":""}},"template--19932749758809__24048fd4-e2eb-4067-91e5-fa6329bed9ce-richtext-1":{"type":"richtext","settings":{"content":"<p>I denne uge har vi fundet et lækkert garnkit fra Petiteknit i form Louisiana Sweateren strikket i 1 tråd Kos fra Sandnes. Derudover får du et gratis sæt strygemærker ved køb af et pindeetui fra Petiteknit. Og som prikken over i'et har vi lavet en god pris på Gentag fra Spektakelstrik.<\/p>"}}},"block_order":["template--19932749758809__24048fd4-e2eb-4067-91e5-fa6329bed9ce-subheading-1","template--19932749758809__24048fd4-e2eb-4067-91e5-fa6329bed9ce-heading-1","template--19932749758809__24048fd4-e2eb-4067-91e5-fa6329bed9ce-richtext-1"],"settings":{"full_width":true,"content_width":"medium","text_position":"center","background":"","background_gradient":"","text_color":""}},"b33cf1ab-38cf-44b0-8165-7d3236c6576b":{"type":"image-with-text-overlay","settings":{"full_width":true,"allow_transparent_header":false,"enable_parallax":false,"image_size":"auto","image":"shopify:\/\/shop_images\/Ugens_Tilbud_Uge_2.png","mobile_text_position":"place-self-center text-center","desktop_text_position":"sm:place-self-center sm:text-center","text_color":"#ffffff","overlay_color":"#000000","overlay_opacity":0}},"banner":{"type":"collection-banner","disabled":true,"settings":{"full_width":false,"allow_transparent_header":false,"enable_parallax":true,"show_collection_title":true,"show_collection_description":true,"show_collection_image":true,"collection_title_size":"h0","image_size":"auto","mobile_text_position":"place-self-center text-center","desktop_text_position":"sm:place-self-center sm:text-center","featured_product":"","featured_product_heading":"Featured product","text_color":"#ffffff","overlay_color":"#000000","overlay_opacity":30}},"739c6d4e-2c59-4431-840d-e88d57308a6e":{"type":"featured-product","blocks":{"template--19932749758809__739c6d4e-2c59-4431-840d-e88d57308a6e-title-1":{"type":"title","settings":{"heading_tag":"h2"}},"template--19932749758809__739c6d4e-2c59-4431-840d-e88d57308a6e-price-1":{"type":"price","settings":{"show_taxes_notice":false}},"template--19932749758809__739c6d4e-2c59-4431-840d-e88d57308a6e-separator-1":{"type":"separator","settings":{}},"template--19932749758809__739c6d4e-2c59-4431-840d-e88d57308a6e-description-1":{"type":"description","disabled":true,"settings":{"collapse_content":false}},"template--19932749758809__739c6d4e-2c59-4431-840d-e88d57308a6e-variant_picker-1":{"type":"variant_picker","settings":{"hide_sold_out_variants":false,"stack_blocks":true,"selector_mode":"block","color_mode":"color","size_chart_page":""}},"template--19932749758809__739c6d4e-2c59-4431-840d-e88d57308a6e-quantity_selector-1":{"type":"quantity_selector","settings":{}},"template--19932749758809__739c6d4e-2c59-4431-840d-e88d57308a6e-buy_buttons-1":{"type":"buy_buttons","settings":{"show_payment_button":false,"show_gift_card_recipient":true,"atc_button_background":"","atc_button_text_color":"","payment_button_background":"","payment_button_text_color":""}}},"block_order":["template--19932749758809__739c6d4e-2c59-4431-840d-e88d57308a6e-title-1","template--19932749758809__739c6d4e-2c59-4431-840d-e88d57308a6e-price-1","template--19932749758809__739c6d4e-2c59-4431-840d-e88d57308a6e-separator-1","template--19932749758809__739c6d4e-2c59-4431-840d-e88d57308a6e-description-1","template--19932749758809__739c6d4e-2c59-4431-840d-e88d57308a6e-variant_picker-1","template--19932749758809__739c6d4e-2c59-4431-840d-e88d57308a6e-quantity_selector-1","template--19932749758809__739c6d4e-2c59-4431-840d-e88d57308a6e-buy_buttons-1"],"settings":{"full_width":true,"product":"louisiana-sweater-sandnes-kos","desktop_media_width":45,"desktop_media_layout":"carousel_thumbnails_left","mobile_media_size":"expanded","mobile_carousel_control":"floating_dots","enable_video_autoplay":true,"enable_video_looping":false,"enable_image_zoom":true,"max_image_zoom_level":3,"background":"","background_gradient":"","text_color":"","input_background":"rgba(0,0,0,0)","input_text_color":""}},"main":{"type":"main-collection","blocks":{"8cfc55c3-bb56-43c5-b412-1156e8bc74d6":{"type":"promotion_image","disabled":true,"settings":{"position":4,"column_span":"2","image":"shopify:\/\/shop_images\/Ugens-tilbud-banner.gif","title":"Promote a product or a temporary offer","content":"","link_url":"","link_text":"View all","heading_tag":"h4","text_position":"place-self-end-start text-start","text_color":"#ffffff","overlay_color":"#000000","overlay_opacity":0}}},"block_order":["8cfc55c3-bb56-43c5-b412-1156e8bc74d6"],"settings":{"products_per_page":9,"products_per_row_mobile":"2","products_per_row_desktop":3,"filter_layout":"horizontal","show_sort_by":false,"show_filters":false,"show_filter_group_name":false,"show_color_swatch":false,"show_empty_filter_values":false,"show_filter_values_count":false,"open_first_filter_group":false}}},"order":["24048fd4-e2eb-4067-91e5-fa6329bed9ce","b33cf1ab-38cf-44b0-8165-7d3236c6576b","banner","739c6d4e-2c59-4431-840d-e88d57308a6e","main"]}