{"sections":{"slideshow":{"type":"slideshow","blocks":{"slide-1":{"type":"image","settings":{"image":"shopify:\/\/shop_images\/paaskeaeg.png","mobile_image":"shopify:\/\/shop_images\/paaskeaeg-mobil_8f680f40-da94-4041-b045-d6ed38d2d727.png","content_max_width":780,"mobile_text_position":"place-self-end-center text-center","desktop_text_position":"sm:place-self-end-start sm:text-start","subheading":"","title":"","heading_tag":"h3","button_text":"Vælg Årets Påskeæg","button_link":"shopify:\/\/collections\/paskeaeg","text_color":"#faf9f6","button_background":"#f4bd31","button_text_color":"#faf9f6","overlay_color":"rgba(0,0,0,0)","overlay_opacity":0,"background":"","background_gradient":""}},"b053dea8-151c-412c-9411-302429505d21":{"type":"image","disabled":true,"settings":{"image":"shopify:\/\/shop_images\/Painters_Yarn_Banner_1.png","mobile_image":"shopify:\/\/shop_images\/Painters-Yarn-Banner.jpg","content_max_width":780,"mobile_text_position":"place-self-end-center text-center","desktop_text_position":"sm:place-self-center-end sm:text-end","subheading":"Nyt håndfarvet garn er landet","title":"Painter's Yarn","heading_tag":"h2","button_text":"Se farver","button_link":"shopify:\/\/products\/silky-mohair-fra-painters-yarn","text_color":"#faf9f6","button_background":"#1f479e","button_text_color":"#faf9f6","overlay_color":"#000000","overlay_opacity":20,"background":"","background_gradient":""}},"slide-2":{"type":"image","disabled":true,"settings":{"image":"shopify:\/\/shop_images\/Atelier_Aarhus_Nyhed.png","mobile_image":"shopify:\/\/shop_images\/Aarhus_Atelier_Kvadrat.png","content_max_width":780,"mobile_text_position":"place-self-center text-center","desktop_text_position":"sm:place-self-center-end sm:text-end","subheading":"","title":"Start året med den perfekte dagskalender","heading_tag":"h3","button_text":"Bestil her","button_link":"shopify:\/\/products\/atelier-aarhus-dagskalender-2024","text_color":"#faf9f6","button_background":"#1f479e","button_text_color":"#faf9f6","overlay_color":"#000000","overlay_opacity":20,"background":"","background_gradient":""}}},"block_order":["slide-1","b053dea8-151c-412c-9411-302429505d21","slide-2"],"settings":{"full_width":true,"allow_transparent_header":false,"image_size":"md","controls_type":"outline_arrows","transition_type":"fade_with_text","autoplay":true,"cycle_speed":6,"background":"#faf9f6","background_gradient":""}},"67382ee2-7d6d-4f9c-8ba6-2f541e0823ce":{"type":"featured-collection","settings":{"collection":"paskeaeg","products":[],"full_width":true,"stack_products":false,"show_progress_bar":false,"products_count":50,"products_per_row_mobile":"2","products_per_row_desktop":3,"subheading":"","title":"Strikkerens påskeæg 2024","content":"","link_url":"shopify:\/\/collections\/paskeaeg","link_text":"Find din yndlings her","background":"","background_gradient":"","text_color":"rgba(0,0,0,0)","heading_color":"#1f479e","heading_gradient":"","product_card_background":"","product_card_text_color":""}},"looja_trustpilot_Mt4CBA":{"type":"Looja-trustpilot","blocks":{"review_GFJVq3":{"type":"review","settings":{"author":"Helene Lotzfeldt","review":"Super fin handel. Rigtig god kommunikation og ekstra service med garn bragt til Vestjylland op til jul. Handler gerne online her igen 🧶👍🏻🥳","date":"","title":"Super fin handel"}},"review_jF7HFJ":{"type":"review","settings":{"author":"Hanne","review":"Der var god kommunikation undervejs (via sms) om et nøgle garn der ikke var på lager. Garnet ankom flot og lækkert pakket ind.","date":"","title":"Fin service"}},"review_Ghpxcw":{"type":"review","settings":{"author":"Bettina Kromann","review":"Utrolig let og overskuelig hjemmeside for en nystrikker som mig. Lynhurtig levering af mit garn som kom kun 2 dage senere. Og det allerbedste og nok også det, der fik mig til at bestille endnu en sending garn, var den søde og personlige hilsen der lå til mig i pakken.","date":"","title":"Utrolig let og overskuelig hjemmeside…"}},"review_RbEViH":{"type":"review","settings":{"author":"Mette Larsen","review":"Rigtig fint pakket ind, så tingene ikke tog skade på post-turen, en lille håndskrevet hilsen og hurtig levering. Kan varmt anbefales 🙂🧶","date":"","title":"Godt pakket."}},"review_V7MpqU":{"type":"review","settings":{"author":"Joan Freund","review":"Super dejligt sted at handle. Lækkert garn, lækkert tilbehør. Er så glad for min garnkurv, nu kan jeg samle mit nuværende projekt i kurven, alle dele på et sted. Kan varmt anbefale at handle hos den lille garnbiks.","date":"","title":"Super dejligt sted at handle"}}},"block_order":["review_GFJVq3","review_jF7HFJ","review_Ghpxcw","review_RbEViH","review_V7MpqU"],"settings":{"trust_short":""}},"featured_collection_9VpBMD":{"type":"featured-collection","disabled":true,"settings":{"collection":"nyheder","products":[],"full_width":true,"stack_products":false,"show_progress_bar":false,"products_count":50,"products_per_row_mobile":"2","products_per_row_desktop":4,"subheading":"","title":"Nyheder der lige er landet...","content":"","link_url":"shopify:\/\/collections\/nyheder","link_text":"Se alle nyheder her","background":"","background_gradient":"","text_color":"rgba(0,0,0,0)","heading_color":"#1f479e","heading_gradient":"","product_card_background":"","product_card_text_color":""}},"collection-list":{"type":"collection-list","blocks":{"collection-1":{"type":"collection","settings":{"collection":"garn-strikkegarn","image":"shopify:\/\/shop_images\/Garn.jpg","subheading":"","title":"","url":"","heading_tag":"h2","text_position":"place-self-center text-center","text_color":"#faf9f6","overlay_color":"rgba(0,0,0,0)","overlay_opacity":0}},"collection-2":{"type":"collection","settings":{"collection":"garnkits","image":"shopify:\/\/shop_images\/Garnkits3.jpg","subheading":"","title":"","url":"","heading_tag":"h2","text_position":"place-self-center text-center","text_color":"#ffffff","overlay_color":"#000000","overlay_opacity":0}},"collection-3":{"type":"collection","settings":{"collection":"strikkepinde","image":"shopify:\/\/shop_images\/Strikkepinde.jpg","subheading":"","title":"","url":"","heading_tag":"h2","text_position":"place-self-center text-center","text_color":"#ffffff","overlay_color":"#000000","overlay_opacity":0}}},"block_order":["collection-1","collection-2","collection-3"],"disabled":true,"settings":{"full_width":true,"stack_collections":false,"collections_per_row":3,"show_progress_bar":false,"subheading":"","title":"","content":"","link_url":"","link_text":"","background":"","background_gradient":"","text_color":"","heading_color":"","heading_gradient":""}},"1d86c3dc-0460-4b31-a0b3-51e1e275c01a":{"type":"text-with-icons","blocks":{"template--19925219934553__1d86c3dc-0460-4b31-a0b3-51e1e275c01a-item-1":{"type":"item","settings":{"icon":"picto-coupon","custom_icon":"shopify:\/\/shop_images\/Personlig_indpakning_af6e794a-d99c-4e35-9af3-5919df2ac6f5.png","mobile_icon_width":120,"icon_width":120,"icon_background_type":"none","icon_background":"","icon_color":"","title":"Dine garnprojekter, vores glæde!","content":""}},"cd412f15-1380-4e02-99cb-8ed99491bb91":{"type":"item","settings":{"icon":"picto-coupon","custom_icon":"shopify:\/\/shop_images\/Garnkits_0c076b5a-c7ef-4f96-ba86-c90415243a7c.png","mobile_icon_width":120,"icon_width":120,"icon_background_type":"none","icon_background":"","icon_color":"","title":"Tilpassede garnkit til dit projekt","content":""}},"template--19925219934553__1d86c3dc-0460-4b31-a0b3-51e1e275c01a-item-2":{"type":"item","settings":{"icon":"picto-coupon","custom_icon":"shopify:\/\/shop_images\/Garn_Donation_fa3120e1-a8a4-4edd-905c-c51ab47c97c2.png","mobile_icon_width":120,"icon_width":120,"icon_background_type":"none","icon_background":"","icon_color":"","title":"Vi donerer garn til den gode sag","content":""}},"template--19925219934553__1d86c3dc-0460-4b31-a0b3-51e1e275c01a-item-3":{"type":"item","settings":{"icon":"picto-coupon","custom_icon":"shopify:\/\/shop_images\/Lot_Nummer_aa4a296d-f1b5-4e53-8281-653c1294430d.png","mobile_icon_width":120,"icon_width":120,"icon_background_type":"none","icon_background":"","icon_color":"","title":"Din bestilling bliver altid dobbelt tjekket","content":""}}},"block_order":["template--19925219934553__1d86c3dc-0460-4b31-a0b3-51e1e275c01a-item-1","cd412f15-1380-4e02-99cb-8ed99491bb91","template--19925219934553__1d86c3dc-0460-4b31-a0b3-51e1e275c01a-item-2","template--19925219934553__1d86c3dc-0460-4b31-a0b3-51e1e275c01a-item-3"],"settings":{"full_width":true,"stack_on_mobile":false,"title":"","heading_tag":"h5","text_alignment":"center","icon_spacing":"medium","background":"","background_gradient":"","text_color":""}},"1cc6a695-5ccd-4504-9933-6e267b1801a0":{"type":"rich-text","blocks":{"template--19925219934553__1cc6a695-5ccd-4504-9933-6e267b1801a0-heading-1":{"type":"heading","settings":{"text":"Har du set de mange flotte opskrifter fra Rauma?","heading_tag":"h2","text_color":"","gradient":""}},"template--19925219934553__1cc6a695-5ccd-4504-9933-6e267b1801a0-richtext-1":{"type":"richtext","settings":{"content":"<p>Vi har lige nu særligt fokus på de mange flotte design fra Rauma strikket i Finull eller Fivel. Blandt andet Nordic Mix Sweater fra Laura Dalgaard.<\/p>"}},"d178a36f-b252-4f32-bef9-bbe8e670eab6":{"type":"button","settings":{"style":"fill","size":"xl","text":"Se alle garnkits her","url":"shopify:\/\/collections\/garnkits-med-strikkeopskrifter-fra-rauma","background":"","text_color":""}}},"block_order":["template--19925219934553__1cc6a695-5ccd-4504-9933-6e267b1801a0-heading-1","template--19925219934553__1cc6a695-5ccd-4504-9933-6e267b1801a0-richtext-1","d178a36f-b252-4f32-bef9-bbe8e670eab6"],"settings":{"full_width":true,"content_width":"small","text_position":"center","background":"#f0eeeb","background_gradient":"","text_color":""}},"featured-product":{"type":"featured-product","blocks":{"title":{"type":"title","settings":{"heading_tag":"h2"}},"price":{"type":"price","settings":{"show_taxes_notice":false}},"45f555d0-fe05-40f5-8971-6368aac7aad2":{"type":"collapsible_text","settings":{"title":"Størrelsesguide","content":"<p>{{ section.settings.product.metafields.custom.garnkits_st_rrelsesguide | metafield_tag }}<\/p>"}},"description":{"type":"description","disabled":true,"settings":{"collapse_content":false}},"variant-picker":{"type":"variant_picker","settings":{"hide_sold_out_variants":false,"stack_blocks":true,"selector_mode":"block","color_mode":"color","size_chart_page":""}},"quantity-selector":{"type":"quantity_selector","settings":{}},"buy-buttons":{"type":"buy_buttons","settings":{"show_payment_button":false,"show_gift_card_recipient":true,"atc_button_background":"","atc_button_text_color":"","payment_button_background":"","payment_button_text_color":""}}},"block_order":["title","price","45f555d0-fe05-40f5-8971-6368aac7aad2","description","variant-picker","quantity-selector","buy-buttons"],"settings":{"full_width":true,"product":"skogsbaergenser-garnkit","desktop_media_width":45,"desktop_media_layout":"carousel_thumbnails_left","mobile_media_size":"contained","mobile_carousel_control":"floating_dots","enable_video_autoplay":true,"enable_video_looping":false,"enable_image_zoom":true,"max_image_zoom_level":3,"background":"#f0eeeb","background_gradient":"","text_color":"","input_background":"rgba(0,0,0,0)","input_text_color":""}},"featured-collection":{"type":"featured-collection","settings":{"collection":"garnkits","products":[],"full_width":true,"stack_products":false,"show_progress_bar":false,"products_count":20,"products_per_row_mobile":"2","products_per_row_desktop":4,"subheading":"","title":"","content":"<h3>Er de ikke lige på din strikkeliste, kan du tjekke vores mange andre garnkits her<\/h3>","link_url":"shopify:\/\/collections\/garnkits","link_text":"Se alle garnkits her","background":"#f0eeeb","background_gradient":"","text_color":"","heading_color":"","heading_gradient":"","product_card_background":"","product_card_text_color":""}},"2a314571-d093-4db3-8ec4-3b6b28b12c5c":{"type":"featured-collection","settings":{"collection":"mest-populaere-garnkvaliteter","products":[],"full_width":true,"stack_products":true,"show_progress_bar":false,"products_count":8,"products_per_row_mobile":"2","products_per_row_desktop":4,"subheading":"","title":"Lige nu: Vores mest populære garnkvaliteter","content":"","link_url":"","link_text":"Se alle","background":"","background_gradient":"","text_color":"","heading_color":"#1f479e","heading_gradient":"","product_card_background":"","product_card_text_color":""}},"1cf0fb71-3cac-49ae-8900-fc4384b72206":{"type":"rich-text","blocks":{"template--19925219934553__1cf0fb71-3cac-49ae-8900-fc4384b72206-heading-1":{"type":"heading","settings":{"text":"Hvordan opbevarer du garn og udstyr?","heading_tag":"h2","text_color":"#1f479e","gradient":""}},"template--19925219934553__1cf0fb71-3cac-49ae-8900-fc4384b72206-richtext-1":{"type":"richtext","disabled":true,"settings":{"content":"<p>.....<\/p>"}}},"block_order":["template--19925219934553__1cf0fb71-3cac-49ae-8900-fc4384b72206-heading-1","template--19925219934553__1cf0fb71-3cac-49ae-8900-fc4384b72206-richtext-1"],"settings":{"full_width":true,"content_width":"small","text_position":"center","background":"#f0eeeb","background_gradient":"","text_color":""}},"965cf427-d6e5-4eec-a09c-6afdae7ad6e6":{"type":"featured-product","blocks":{"template--19925219934553__965cf427-d6e5-4eec-a09c-6afdae7ad6e6-title-1":{"type":"title","settings":{"heading_tag":"h2"}},"template--19925219934553__965cf427-d6e5-4eec-a09c-6afdae7ad6e6-badges-1":{"type":"badges","settings":{}},"template--19925219934553__965cf427-d6e5-4eec-a09c-6afdae7ad6e6-price-1":{"type":"price","settings":{"show_taxes_notice":false}},"template--19925219934553__965cf427-d6e5-4eec-a09c-6afdae7ad6e6-separator-1":{"type":"separator","settings":{}},"template--19925219934553__965cf427-d6e5-4eec-a09c-6afdae7ad6e6-variant_picker-1":{"type":"variant_picker","settings":{"hide_sold_out_variants":false,"stack_blocks":true,"selector_mode":"block","color_mode":"variant","size_chart_page":""}},"template--19925219934553__965cf427-d6e5-4eec-a09c-6afdae7ad6e6-quantity_selector-1":{"type":"quantity_selector","settings":{}},"template--19925219934553__965cf427-d6e5-4eec-a09c-6afdae7ad6e6-buy_buttons-1":{"type":"buy_buttons","settings":{"show_payment_button":false,"show_gift_card_recipient":true,"atc_button_background":"","atc_button_text_color":"","payment_button_background":"","payment_button_text_color":""}}},"block_order":["template--19925219934553__965cf427-d6e5-4eec-a09c-6afdae7ad6e6-title-1","template--19925219934553__965cf427-d6e5-4eec-a09c-6afdae7ad6e6-badges-1","template--19925219934553__965cf427-d6e5-4eec-a09c-6afdae7ad6e6-price-1","template--19925219934553__965cf427-d6e5-4eec-a09c-6afdae7ad6e6-separator-1","template--19925219934553__965cf427-d6e5-4eec-a09c-6afdae7ad6e6-variant_picker-1","template--19925219934553__965cf427-d6e5-4eec-a09c-6afdae7ad6e6-quantity_selector-1","template--19925219934553__965cf427-d6e5-4eec-a09c-6afdae7ad6e6-buy_buttons-1"],"settings":{"full_width":true,"product":"muud-saturn-xl-strikketaske","desktop_media_width":55,"desktop_media_layout":"carousel_thumbnails_left","mobile_media_size":"expanded","mobile_carousel_control":"floating_dots","enable_video_autoplay":true,"enable_video_looping":false,"enable_image_zoom":true,"max_image_zoom_level":3,"background":"#e6e4e2","background_gradient":"","text_color":"","input_background":"rgba(0,0,0,0)","input_text_color":""}},"29a6c59f-9c54-4556-9404-aaec2d8831ac":{"type":"featured-collection","settings":{"collection":"muud-forhandler-strikketaske","products":[],"full_width":true,"stack_products":true,"show_progress_bar":false,"products_count":6,"products_per_row_mobile":"2","products_per_row_desktop":3,"subheading":"","title":"Muud: Opbevaring af garn & strikketilbehør i særklasse","content":"","link_url":"shopify:\/\/collections\/muud-forhandler-strikketaske","link_text":"Se alt fra Muud her","background":"#f0eeeb","background_gradient":"","text_color":"","heading_color":"","heading_gradient":"","product_card_background":"","product_card_text_color":""}},"169763636536e96c58":{"type":"apps","settings":{"full_width":true,"remove_vertical_spacing":false,"remove_horizontal_spacing":false,"background":"","background_gradient":"","text_color":"","enable_review_integration":true,"review_header_gradient":"linear-gradient(135deg, rgba(255, 194, 102, 1), rgba(255, 163, 26, 1) 100%)","review_header_text_color":"#000000","review_button_background":"#000000","review_button_text_color":"#ffffff"}}},"order":["slideshow","67382ee2-7d6d-4f9c-8ba6-2f541e0823ce","looja_trustpilot_Mt4CBA","featured_collection_9VpBMD","collection-list","1d86c3dc-0460-4b31-a0b3-51e1e275c01a","1cc6a695-5ccd-4504-9933-6e267b1801a0","featured-product","featured-collection","2a314571-d093-4db3-8ec4-3b6b28b12c5c","1cf0fb71-3cac-49ae-8900-fc4384b72206","965cf427-d6e5-4eec-a09c-6afdae7ad6e6","29a6c59f-9c54-4556-9404-aaec2d8831ac","169763636536e96c58"]}