{"sections":{"main":{"type":"main-page","disabled":true,"settings":{"content_width":"80ch"}},"contact":{"type":"contact","settings":{"full_width":true,"subheading":"Du er altid velkommen til at kontakte os","title":"Hvad kan jeg hjælpe med?","content":"","text_position":"center","contact_form_size":"large","background":"","background_gradient":"","text_color":"","heading_color":"","heading_gradient":"","contact_background":"","contact_text_color":"","button_background":"","button_text_color":""}}},"order":["main","contact"]}