{"sections":{"main":{"type":"main-page","disabled":true,"settings":{"content_width":"80ch"}},"slideshow_N9W6Yh":{"type":"slideshow","blocks":{"image_3XGdkT":{"type":"image","settings":{"image":"shopify:\/\/shop_images\/Njord-Hoodie-Banner.jpg","content_max_width":780,"mobile_text_position":"place-self-center text-center","desktop_text_position":"sm:place-self-center-end sm:text-end","subheading":"","title":"Njord Hoodie","heading_tag":"h0","button_text":"Køb opskrift","button_link":"","text_color":"#ffffff","button_background":"#ffffff","button_text_color":"#1f479e","overlay_color":"#000000","overlay_opacity":30,"background":"","background_gradient":""}}},"block_order":["image_3XGdkT"],"settings":{"full_width":true,"allow_transparent_header":true,"image_size":"auto","controls_type":"dots","transition_type":"fade_with_text","autoplay":false,"cycle_speed":6,"background":"#f2f2f2","background_gradient":""}},"featured_collection_RFaMnR":{"type":"featured-collection","settings":{"collection":"garnkits-med-strikkeopskrifter-fra-knit-studio-1","products":[],"full_width":true,"stack_products":false,"show_progress_bar":true,"products_count":40,"products_per_row_mobile":"2","products_per_row_desktop":3,"subheading":"","title":"Strikkekits med garn & opskrift","content":"","link_url":"shopify:\/\/collections\/garnkits-med-strikkeopskrifter-fra-knit-studio-1","link_text":"Se alle garnkits fra Knit Studio","background":"","background_gradient":"","text_color":"","heading_color":"","heading_gradient":"","product_card_background":"","product_card_text_color":""}},"featured_collection_3YkbQU":{"type":"featured-collection","settings":{"collection":"dameopskrifter","products":[],"full_width":true,"stack_products":true,"show_progress_bar":false,"products_count":28,"products_per_row_mobile":"2","products_per_row_desktop":4,"subheading":"","title":"Herunder kan du se alle vores opskrifter fra Knit Studio","content":"","link_url":"","link_text":"","background":"","background_gradient":"","text_color":"","heading_color":"#1f479e","heading_gradient":"","product_card_background":"","product_card_text_color":""}},"blog_posts_nQpxzH":{"type":"blog-posts","blocks":{"blog_ctjU8L":{"type":"blog","settings":{"blog":"den-lille-garnbiks","posts_count":6,"stack_items":false}}},"block_order":["blog_ctjU8L"],"disabled":true,"settings":{"full_width":true,"show_excerpt":true,"show_date":false,"show_author":false,"show_comments_count":false,"show_category":true,"subheading":"","title":"Blog posts","content":"","link_url":"","link_text":"View all","background":"","background_gradient":"","text_color":"","heading_color":"","heading_gradient":""}}},"order":["main","slideshow_N9W6Yh","featured_collection_RFaMnR","featured_collection_3YkbQU","blog_posts_nQpxzH"]}