{"sections":{"15418ad4-597e-45d0-a59b-b6d83cb5b479":{"type":"rich-text","blocks":{"template--19933102604633__15418ad4-597e-45d0-a59b-b6d83cb5b479-heading-1":{"type":"heading","settings":{"text":"{{ product.title }}","heading_tag":"h2","text_color":"#1f479e","gradient":""}}},"block_order":["template--19933102604633__15418ad4-597e-45d0-a59b-b6d83cb5b479-heading-1"],"settings":{"full_width":true,"content_width":"medium","text_position":"center","background":"","background_gradient":"","text_color":""}},"main":{"type":"main-product","blocks":{"8e374d08-9fbc-4ef6-9eef-68c1766756fa":{"type":"text","settings":{"text":"<p>Vælg hvilken størrelse samt farve på garn du ønsker, så klare vi resten. Opskrift medfølger.<\/p><p><\/p>"}},"title":{"type":"title","disabled":true,"settings":{"heading_tag":"h2"}},"price":{"type":"price","settings":{"show_taxes_notice":false}},"separator":{"type":"separator","settings":{}},"description":{"type":"description","disabled":true,"settings":{"collapse_content":false}},"variant_picker":{"type":"variant_picker","settings":{"hide_sold_out_variants":false,"stack_blocks":true,"selector_mode":"block","color_mode":"color","size_chart_page":""}},"quantity_selector":{"type":"quantity_selector","disabled":true,"settings":{}},"buy_buttons":{"type":"buy_buttons","settings":{"show_payment_button":false,"show_gift_card_recipient":true,"atc_button_background":"","atc_button_text_color":"","payment_button_background":"","payment_button_text_color":""}},"0971bc48-1ca5-4d5d-97b3-f8a5e633820c":{"type":"image","settings":{"image":"shopify:\/\/shop_images\/353736739_4946877368770202_1647023442336149072_n_6f83d1f5-aae9-48b6-a2d8-27c79e953ea9.png","alignment":"center","max_width":500}},"0c82ee2e-56fb-49f2-9c68-6404250dd8c7":{"type":"collapsible_text","settings":{"title":"Størrelsesguide","content":"<p>{{ product.metafields.custom.garnkits_st_rrelsesguide | metafield_tag }}.<\/p>"}},"9b9730c0-deee-4b3c-b297-d45d2c32828a":{"type":"collapsible_text","settings":{"title":"Materiale","content":"<p>{{ product.metafields.custom.produkt_collapsible_text_materiale_vejledning_etc_ | metafield_tag }}.<\/p>"}},"c67c12cb-a485-4754-a8a7-120cce27b583":{"type":"associated_products","settings":{"title":"Har du strikkepinde & udstyr til?","stack_products":true,"products_count":5,"background":"","text_color":""}}},"block_order":["8e374d08-9fbc-4ef6-9eef-68c1766756fa","title","price","separator","description","variant_picker","quantity_selector","buy_buttons","0971bc48-1ca5-4d5d-97b3-f8a5e633820c","0c82ee2e-56fb-49f2-9c68-6404250dd8c7","9b9730c0-deee-4b3c-b297-d45d2c32828a","c67c12cb-a485-4754-a8a7-120cce27b583"],"settings":{"full_width":true,"show_fixed_add_to_cart":false,"desktop_media_width":45,"desktop_media_layout":"grid_highlight","mobile_media_size":"contained","mobile_carousel_control":"thumbnails","enable_video_autoplay":false,"enable_video_looping":true,"enable_image_zoom":true,"max_image_zoom_level":3,"background":"","background_gradient":"","text_color":"","input_background":"rgba(0,0,0,0)","input_text_color":""}},"71581f37-5335-4530-b2c7-3f9dd3c62624":{"type":"tabs","blocks":{"template--19933102604633__71581f37-5335-4530-b2c7-3f9dd3c62624-tab-1":{"type":"tab","settings":{"title":"Produktbeskrivelse","content":"<p>{{ product.metafields.custom.produktbeskrivelse | metafield_tag }}<\/p>","page":""}},"c3fe9415-3a37-4c4a-8ae3-3912b164ba39":{"type":"tab","settings":{"title":"Størrelsesguide","content":"<p>{{ product.metafields.custom.garnkits_st_rrelsesguide | metafield_tag }}.<\/p>","page":""}},"template--19933102604633__71581f37-5335-4530-b2c7-3f9dd3c62624-tab-2":{"type":"tab","settings":{"title":"Materiale","content":"<p>{{ product.metafields.custom.produkt_collapsible_text_materiale_vejledning_etc_ | metafield_tag }}.<\/p>","page":""}},"template--19933102604633__71581f37-5335-4530-b2c7-3f9dd3c62624-tab-3":{"type":"tab","settings":{"title":"Forsendelse & Returnering","content":"<p><strong>Som kunde på en webshop skal forsendelse ske hurtigst muligt og returnering så nemt som muligt.<\/strong><\/p><p>Hos Den Lille Garnbiks håndtere vi som standard din bestilling inden for 24 timer hvorefter vi udleverer din pakke til valgte fragtmand. Vi anbefaler GLS, da vi har de bedste erfaringer med dem. <\/p><p>Fra du gennemfører din bestilling til du modtager din pakke går der mellem 1-3 dage. <\/p><p>Fortryder du din bestilling er du altid velkommen til at returnere din bestilling. For nem returnering henviser vi til vores returformular <a href=\"\/policies\/refund-policy\"><span style=\"text-decoration:underline\">her<\/span><\/a><\/p>","page":""}},"e32e978a-b4bf-4498-9918-df1443d398bc":{"type":"tab","settings":{"title":"Betaling","content":"<p>Når du har færdiggjort din kurv, kan du nemt og sikkert gennemføre din bestilling. Du kan både vælge at betale med VISA, Mastercard, Dankort, Apple Pay og <strong>Mobilepay<\/strong>. <\/p><p>Uanset hvilken løsning du foretrækker til betaling, trækker vi først beløbet når vi har afsendt din bestilling. Ønsker du at læse om vores handelsbetingelser, kan du læse mere <a href=\"\/policies\/terms-of-service\">her<\/a><\/p>","page":""}}},"block_order":["template--19933102604633__71581f37-5335-4530-b2c7-3f9dd3c62624-tab-1","c3fe9415-3a37-4c4a-8ae3-3912b164ba39","template--19933102604633__71581f37-5335-4530-b2c7-3f9dd3c62624-tab-2","template--19933102604633__71581f37-5335-4530-b2c7-3f9dd3c62624-tab-3","e32e978a-b4bf-4498-9918-df1443d398bc"],"settings":{"full_width":true,"content_size":"fill","subheading":"","title":"","first_tab_open":false,"background":"","background_gradient":"","text_color":"","heading_color":"","heading_gradient":""}},"29669caf-2041-46eb-92b3-dbfc0de375df":{"type":"text-with-icons","blocks":{"template--19933102604633__29669caf-2041-46eb-92b3-dbfc0de375df-item-1":{"type":"item","settings":{"icon":"picto-coupon","custom_icon":"shopify:\/\/shop_images\/Garnkits_0c076b5a-c7ef-4f96-ba86-c90415243a7c.png","mobile_icon_width":120,"icon_width":120,"icon_background_type":"none","icon_background":"","icon_color":"","title":"Tilpassede garnkit til dit projekt","content":""}},"template--19933102604633__29669caf-2041-46eb-92b3-dbfc0de375df-item-2":{"type":"item","settings":{"icon":"picto-coupon","custom_icon":"shopify:\/\/shop_images\/Lot_Nummer_aa4a296d-f1b5-4e53-8281-653c1294430d.png","mobile_icon_width":120,"icon_width":120,"icon_background_type":"none","icon_background":"","icon_color":"","title":"Din bestilling bliver altid dobbelt tjekket","content":""}},"template--19933102604633__29669caf-2041-46eb-92b3-dbfc0de375df-item-3":{"type":"item","settings":{"icon":"picto-coupon","custom_icon":"shopify:\/\/shop_images\/Garn_Donation_fa3120e1-a8a4-4edd-905c-c51ab47c97c2.png","mobile_icon_width":120,"icon_width":120,"icon_background_type":"none","icon_background":"","icon_color":"","title":"Vi donerer garn til den gode sag","content":""}},"ef3c1ad2-7859-418e-9cd5-12f31918a34a":{"type":"item","settings":{"icon":"picto-coupon","custom_icon":"shopify:\/\/shop_images\/Personlig_indpakning_af6e794a-d99c-4e35-9af3-5919df2ac6f5.png","mobile_icon_width":120,"icon_width":120,"icon_background_type":"none","icon_background":"","icon_color":"","title":"Dine garnprojekter, vores glæde!","content":""}}},"block_order":["template--19933102604633__29669caf-2041-46eb-92b3-dbfc0de375df-item-1","template--19933102604633__29669caf-2041-46eb-92b3-dbfc0de375df-item-2","template--19933102604633__29669caf-2041-46eb-92b3-dbfc0de375df-item-3","ef3c1ad2-7859-418e-9cd5-12f31918a34a"],"settings":{"full_width":true,"stack_on_mobile":false,"title":"","heading_tag":"h5","text_alignment":"center","icon_spacing":"medium","background":"","background_gradient":"","text_color":""}},"3c0d4265-2f7e-447d-ad9f-88503d741395":{"type":"video","blocks":{"template--19933102604633__3c0d4265-2f7e-447d-ad9f-88503d741395-play-1":{"type":"play","settings":{}}},"block_order":["template--19933102604633__3c0d4265-2f7e-447d-ad9f-88503d741395-play-1"],"settings":{"full_width":false,"allow_transparent_header":false,"autoplay":false,"video_size":"md","external_video_url":"https:\/\/www.youtube.com\/watch?v=zGh7crB2gl0","text_color":"#ffffff","overlay_color":"#000000","overlay_opacity":5}},"51c154d8-9a1b-412c-9576-8557fba2261b":{"type":"multi-column","blocks":{"template--19933102604633__51c154d8-9a1b-412c-9576-8557fba2261b-item-1":{"type":"item","settings":{"column_size":"2","title":"Column title","heading_tag":"h4","content":"<p>Pair text with an image to focus on your chosen product, collection, or blog post. Add details on availability, style, or even provide a review.<\/p>","link_url":"","link_text":"","link_style":"link"}},"template--19933102604633__51c154d8-9a1b-412c-9576-8557fba2261b-item-2":{"type":"item","settings":{"image":"shopify:\/\/shop_images\/Skaermbillede_2023-10-02_kl._18.16.21.png","column_size":"3","title":"","heading_tag":"h4","content":"","link_url":"","link_text":"","link_style":"link"}}},"block_order":["template--19933102604633__51c154d8-9a1b-412c-9576-8557fba2261b-item-1","template--19933102604633__51c154d8-9a1b-412c-9576-8557fba2261b-item-2"],"settings":{"full_width":true,"stack_on_mobile":true,"gap":"medium","text_alignment":"start","subheading":"About","title":"Featured content","content":"<p>Organize content into multiple columns to share useful information to your customers about your products, values...<\/p>","background":"","background_gradient":"","text_color":""}},"64683a58-a198-4a1b-8089-d13986ce0692":{"type":"featured-collection","settings":{"collection":"garnkits","products":[],"full_width":true,"stack_products":true,"show_progress_bar":false,"products_count":6,"products_per_row_mobile":"2","products_per_row_desktop":3,"subheading":"","title":"","content":"<h3>Er {{ product.title }} ikke på din \"strikkeliste\", kan du se vores mange andre garnkits her<\/h3>","link_url":"shopify:\/\/collections\/garnkits","link_text":"Se alle garnkits","background":"","background_gradient":"","text_color":"","heading_color":"","heading_gradient":"","product_card_background":"","product_card_text_color":""}}},"order":["15418ad4-597e-45d0-a59b-b6d83cb5b479","main","71581f37-5335-4530-b2c7-3f9dd3c62624","29669caf-2041-46eb-92b3-dbfc0de375df","3c0d4265-2f7e-447d-ad9f-88503d741395","51c154d8-9a1b-412c-9576-8557fba2261b","64683a58-a198-4a1b-8089-d13986ce0692"]}