{"sections":{"main":{"type":"main-product","blocks":{"title":{"type":"title","settings":{"heading_tag":"h2"}},"price":{"type":"price","settings":{"show_taxes_notice":false}},"separator":{"type":"separator","disabled":true,"settings":{}},"5c875f22-e03b-4c5f-8021-04745443e2ca":{"type":"shopify:\/\/apps\/delivery-timer-order-timeline\/blocks\/text_based_timer\/bace9725-6846-4fad-8461-027a1ac43ad8","disabled":true,"settings":{}},"variant_picker":{"type":"variant_picker","settings":{"hide_sold_out_variants":false,"stack_blocks":true,"selector_mode":"block","color_mode":"color","size_chart_page":""}},"quantity_selector":{"type":"quantity_selector","disabled":true,"settings":{}},"buy_buttons":{"type":"buy_buttons","settings":{"show_payment_button":false,"show_gift_card_recipient":true,"atc_button_background":"","atc_button_text_color":"","payment_button_background":"","payment_button_text_color":""}},"c5e88c06-0a94-4f1c-ba82-9dd8d7044577":{"type":"image","settings":{"image":"shopify:\/\/shop_images\/353736739_4946877368770202_1647023442336149072_n_6f83d1f5-aae9-48b6-a2d8-27c79e953ea9.png","alignment":"center","max_width":500}},"description":{"type":"description","settings":{"collapse_content":true}},"collapsible_text_XaLynm":{"type":"collapsible_text","settings":{"title":"Anbefalet garn & mængde","content":"<p>{{ product.metafields.custom.produkt_collapsible_text_materiale_vejledning_etc_ | metafield_tag }}<\/p>"}},"collapsible_text_GVBFUz":{"type":"collapsible_text","settings":{"title":"Størrelsesguide & mål på {{ product.title }}","content":"<p>{{ product.metafields.custom.garnkits_st_rrelsesguide | metafield_tag }}<\/p>"}},"c67c12cb-a485-4754-a8a7-120cce27b583":{"type":"associated_products","settings":{"title":"","stack_products":true,"products_count":1,"background":"","text_color":""}}},"block_order":["title","price","separator","5c875f22-e03b-4c5f-8021-04745443e2ca","variant_picker","quantity_selector","buy_buttons","c5e88c06-0a94-4f1c-ba82-9dd8d7044577","description","collapsible_text_XaLynm","collapsible_text_GVBFUz","c67c12cb-a485-4754-a8a7-120cce27b583"],"settings":{"full_width":true,"show_fixed_add_to_cart":true,"desktop_media_width":55,"desktop_media_layout":"grid_highlight","mobile_media_size":"expanded","mobile_carousel_control":"floating_dots","enable_video_autoplay":false,"enable_video_looping":true,"enable_image_zoom":true,"max_image_zoom_level":3,"background":"","background_gradient":"","text_color":"","input_background":"rgba(0,0,0,0)","input_text_color":""}},"3f3a829e-a741-4550-ae5c-76de56819419":{"type":"tabs","blocks":{"ae20987a-c234-4f7a-a322-5f996b3494ed":{"type":"tab","settings":{"title":"Produktbeskrivelse","content":"<p>{{ product.metafields.custom.produktbeskrivelse | metafield_tag }}<\/p>","page":""}},"template--19925220163929__3f3a829e-a741-4550-ae5c-76de56819419-tab-3":{"type":"tab","settings":{"title":"Forsendelse & Returnering","content":"<p><strong>Som kunde på en webshop skal forsendelse ske hurtigst muligt og returnering så nemt som muligt.<\/strong><\/p><p>Hos Den Lille Garnbiks håndtere vi som standard din bestilling inden for 24 timer hvorefter vi udleverer din pakke til valgte fragtmand. Vi anbefaler GLS, da vi har de bedste erfaringer med dem. <\/p><p>Fra du gennemfører din bestilling til du modtager din pakke går der mellem 1-3 dage. <\/p><p>Fortryder du din bestilling er du altid velkommen til at returnere din bestilling. For nem returnering henviser vi til vores returformular <a href=\"\/policies\/refund-policy\"><span style=\"text-decoration:underline\">her<\/span><\/a><\/p>","page":""}},"template--19925220163929__3f3a829e-a741-4550-ae5c-76de56819419-tab-2":{"type":"tab","settings":{"title":"Betaling","content":"<p>Når du har færdiggjort din kurv, kan du nemt og sikkert gennemføre din bestilling. Du kan både vælge at betale med VISA, Mastercard, Dankort, Apple Pay og <strong>Mobilepay<\/strong>. <\/p><p>Uanset hvilken løsning du foretrækker til betaling, trækker vi først beløbet når vi har afsendt din bestilling. Ønsker du at læse om vores handelsbetingelser, kan du læse mere <a href=\"\/policies\/terms-of-service\"><span style=\"text-decoration:underline\">her<\/span><\/a><\/p>","page":""}}},"block_order":["ae20987a-c234-4f7a-a322-5f996b3494ed","template--19925220163929__3f3a829e-a741-4550-ae5c-76de56819419-tab-3","template--19925220163929__3f3a829e-a741-4550-ae5c-76de56819419-tab-2"],"disabled":true,"settings":{"full_width":true,"content_size":"large","subheading":"","title":"","first_tab_open":false,"background":"","background_gradient":"","text_color":"","heading_color":"","heading_gradient":""}},"related-products":{"type":"related-products","disabled":true,"settings":{"recommendations_count":6,"products":[],"full_width":true,"stack_products":true,"show_progress_bar":false,"products_per_row_mobile":"1","products_per_row_desktop":3,"subheading":"","title":"You may also like","content":"","background":"","background_gradient":"","text_color":"","heading_color":"","heading_gradient":"","product_card_background":"","product_card_text_color":""}},"ff94dec3-eb93-40f2-8e78-c6b09a5f4987":{"type":"text-with-icons","blocks":{"template--19925220163929__ff94dec3-eb93-40f2-8e78-c6b09a5f4987-item-1":{"type":"item","settings":{"icon":"picto-coupon","custom_icon":"shopify:\/\/shop_images\/Garnkits_0c076b5a-c7ef-4f96-ba86-c90415243a7c.png","mobile_icon_width":120,"icon_width":120,"icon_background_type":"none","icon_background":"","icon_color":"","title":"Tilpassede garnkit til dit projekt","content":""}},"template--19925220163929__ff94dec3-eb93-40f2-8e78-c6b09a5f4987-item-3":{"type":"item","settings":{"icon":"picto-coupon","custom_icon":"shopify:\/\/shop_images\/Garn_Donation_fa3120e1-a8a4-4edd-905c-c51ab47c97c2.png","mobile_icon_width":120,"icon_width":120,"icon_background_type":"none","icon_background":"","icon_color":"","title":"Vi donerer garn til den gode sag","content":""}},"template--19925220163929__ff94dec3-eb93-40f2-8e78-c6b09a5f4987-item-2":{"type":"item","settings":{"icon":"picto-coupon","custom_icon":"shopify:\/\/shop_images\/Lot_Nummer_aa4a296d-f1b5-4e53-8281-653c1294430d.png","mobile_icon_width":120,"icon_width":120,"icon_background_type":"none","icon_background":"","icon_color":"","title":"Din bestilling bliver altid dobbelt tjekket","content":""}},"59af6551-3d52-4277-bebc-57c952194a6d":{"type":"item","settings":{"icon":"picto-coupon","custom_icon":"shopify:\/\/shop_images\/Personlig_indpakning_af6e794a-d99c-4e35-9af3-5919df2ac6f5.png","mobile_icon_width":120,"icon_width":120,"icon_background_type":"none","icon_background":"","icon_color":"","title":"Dine garnprojekter, vores glæde!","content":""}}},"block_order":["template--19925220163929__ff94dec3-eb93-40f2-8e78-c6b09a5f4987-item-1","template--19925220163929__ff94dec3-eb93-40f2-8e78-c6b09a5f4987-item-3","template--19925220163929__ff94dec3-eb93-40f2-8e78-c6b09a5f4987-item-2","59af6551-3d52-4277-bebc-57c952194a6d"],"settings":{"full_width":true,"stack_on_mobile":false,"title":"","heading_tag":"h5","text_alignment":"center","icon_spacing":"small","background":"","background_gradient":"","text_color":""}},"ba3a6d64-cfa0-417e-a53c-67809e79a16f":{"type":"multi-column","blocks":{"template--20297984344409__ba3a6d64-cfa0-417e-a53c-67809e79a16f-item-1":{"type":"item","settings":{"column_size":"3","title":"Fremragende - Det er jeres ord og ikke vores.","heading_tag":"h4","content":"<p>Den Lille Garnbiks har 4,8\/5 stjerner på Trustpilot på baggrund af tidligere kunders oplevelse. <\/p><p>Det er vi meget stolte af, da det tyder på at vores kunder er tilfredse. Hvilket er det mest vigtige for os.<\/p>","link_url":"https:\/\/dk.trustpilot.com\/review\/denlillegarnbiks.dk","link_text":"Læs mere her","link_style":"link"}},"template--20297984344409__ba3a6d64-cfa0-417e-a53c-67809e79a16f-item-2":{"type":"item","settings":{"column_size":"3","title":"Hurtig forsendelse & nem returnering","heading_tag":"h4","content":"<p>Hos Den Lille Garnbiks håndtere vi som standard din bestilling inden for 24 timer, hvorefter vi udleverer din pakke til valgte fragtmand. Vi anbefaler GLS, da vi har de bedste erfaringer med dem. <\/p><p>Fra du gennemfører din bestilling til du modtager din pakke går der mellem 1-3 dage.<\/p>","link_url":"shopify:\/\/policies\/shipping-policy","link_text":"Læs mere her","link_style":"link"}},"template--20297984344409__ba3a6d64-cfa0-417e-a53c-67809e79a16f-item-3":{"type":"item","settings":{"column_size":"3","title":"Altid sikker & nem betaling","heading_tag":"h4","content":"<p>Når du har færdiggjort din kurv, kan du nemt og sikkert gennemføre din bestilling. Du kan både vælge at betale med VISA, Mastercard, Dankort, Apple Pay og <strong>Mobilepay<\/strong>. <\/p><p>Uanset hvilken løsning du foretrækker til betaling, trækker vi først beløbet når vi har afsendt din bestilling<\/p>","link_url":"shopify:\/\/policies\/privacy-policy","link_text":"Læs mere her","link_style":"link"}}},"block_order":["template--20297984344409__ba3a6d64-cfa0-417e-a53c-67809e79a16f-item-1","template--20297984344409__ba3a6d64-cfa0-417e-a53c-67809e79a16f-item-2","template--20297984344409__ba3a6d64-cfa0-417e-a53c-67809e79a16f-item-3"],"disabled":true,"settings":{"full_width":true,"stack_on_mobile":false,"gap":"medium","text_alignment":"start","subheading":"","title":"Alt hvad du behøver vide","content":"<p>Bag Den Lille Garnbiks er vi et team af strikkere, som gerne vil hjælpe andre strikkere. Vi er rigtige mennesker, der hver eneste dag gør vores bedste for at give dig den bedst mulige oplevelse.<\/p>","background":"","background_gradient":"","text_color":""}},"featured_collection_6wUN3z":{"type":"featured-collection","settings":{"collection":"strikkeopskrifter-fra-knit-studio","products":[],"full_width":true,"stack_products":false,"show_progress_bar":true,"products_count":45,"products_per_row_mobile":"2","products_per_row_desktop":4,"subheading":"","title":"Har du set vores andre opskrifter fra Knit Studio?","content":"","link_url":"shopify:\/\/collections\/strikkeopskrifter-fra-knit-studio","link_text":"Se alle","background":"","background_gradient":"","text_color":"","heading_color":"","heading_gradient":"","product_card_background":"","product_card_text_color":""}}},"order":["main","3f3a829e-a741-4550-ae5c-76de56819419","related-products","ff94dec3-eb93-40f2-8e78-c6b09a5f4987","ba3a6d64-cfa0-417e-a53c-67809e79a16f","featured_collection_6wUN3z"]}