{"sections":{"fae1c31f-2332-4247-8131-bfb37ec26a80":{"type":"rich-text","blocks":{"template--19940302946649__fae1c31f-2332-4247-8131-bfb37ec26a80-heading-1":{"type":"heading","settings":{"text":"{{ product.title }}","heading_tag":"h2","text_color":"#1f479e","gradient":""}},"template--19940302946649__fae1c31f-2332-4247-8131-bfb37ec26a80-richtext-1":{"type":"richtext","disabled":true,"settings":{"content":""}}},"block_order":["template--19940302946649__fae1c31f-2332-4247-8131-bfb37ec26a80-heading-1","template--19940302946649__fae1c31f-2332-4247-8131-bfb37ec26a80-richtext-1"],"settings":{"full_width":true,"content_width":"large","text_position":"center","background":"","background_gradient":"","text_color":""}},"main":{"type":"main-product","blocks":{"00f9510d-bf8f-444b-8250-7f158ca88c44":{"type":"text","settings":{"text":"<p>Vælg størrelse samt farve på garn du ønsker, så klarer vi resten. {{ product.metafields.custom.garnkit_indeholder_opskrift_ikke.value }}<\/p><p><\/p>"}},"title":{"type":"title","disabled":true,"settings":{"heading_tag":"h3"}},"price":{"type":"price","settings":{"show_taxes_notice":false}},"10ac4089-e0a5-40da-bec0-dc5b380d32b8":{"type":"collapsible_text","settings":{"title":"Størrelsesguide","content":"<p>{{ product.metafields.custom.garnkits_st_rrelsesguide | metafield_tag }}.<\/p>"}},"description":{"type":"description","disabled":true,"settings":{"collapse_content":false}},"variant_picker":{"type":"variant_picker","settings":{"hide_sold_out_variants":false,"stack_blocks":true,"selector_mode":"block","color_mode":"color","size_chart_page":""}},"buy_buttons":{"type":"buy_buttons","settings":{"show_payment_button":false,"show_gift_card_recipient":true,"atc_button_background":"","atc_button_text_color":"","payment_button_background":"","payment_button_text_color":""}},"c2803515-e1bf-4560-a87d-9325446db2b6":{"type":"image","settings":{"image":"shopify:\/\/shop_images\/353736739_4946877368770202_1647023442336149072_n_6f83d1f5-aae9-48b6-a2d8-27c79e953ea9.png","alignment":"center","max_width":500}},"94aa5ede-ff85-4491-b152-78d25cf0027a":{"type":"collapsible_text","disabled":true,"settings":{"title":"Materiale","content":"<p>{{ product.metafields.custom.produkt_collapsible_text_materiale_vejledning_etc_ | metafield_tag }}.<\/p>"}},"c67c12cb-a485-4754-a8a7-120cce27b583":{"type":"associated_products","settings":{"title":"Har du strikkepinde & udstyr til?","stack_products":true,"products_count":5,"background":"","text_color":"#1f479e"}}},"block_order":["00f9510d-bf8f-444b-8250-7f158ca88c44","title","price","10ac4089-e0a5-40da-bec0-dc5b380d32b8","description","variant_picker","buy_buttons","c2803515-e1bf-4560-a87d-9325446db2b6","94aa5ede-ff85-4491-b152-78d25cf0027a","c67c12cb-a485-4754-a8a7-120cce27b583"],"settings":{"full_width":true,"show_fixed_add_to_cart":false,"desktop_media_width":45,"desktop_media_layout":"grid_highlight","mobile_media_size":"contained","mobile_carousel_control":"thumbnails","enable_video_autoplay":false,"enable_video_looping":true,"enable_image_zoom":true,"max_image_zoom_level":3,"background":"","background_gradient":"","text_color":"","input_background":"rgba(0,0,0,0)","input_text_color":""}},"related-products":{"type":"related-products","disabled":true,"settings":{"recommendations_count":6,"products":[],"full_width":true,"stack_products":true,"show_progress_bar":false,"products_per_row_mobile":"1","products_per_row_desktop":3,"subheading":"","title":"You may also like","content":"","background":"","background_gradient":"","text_color":"","heading_color":"","heading_gradient":"","product_card_background":"","product_card_text_color":""}},"d8c4b911-21af-43bf-b374-19f82a003d83":{"type":"tabs","blocks":{"template--19940302946649__d8c4b911-21af-43bf-b374-19f82a003d83-tab-1":{"type":"tab","settings":{"title":"Beskrivelse","content":"<p>{{ product.metafields.custom.produktbeskrivelse | metafield_tag }}.<\/p>","page":""}},"template--19940302946649__d8c4b911-21af-43bf-b374-19f82a003d83-tab-2":{"type":"tab","settings":{"title":"Størrelsesguide","content":"<p>{{ product.metafields.custom.garnkits_st_rrelsesguide | metafield_tag }}.<\/p>","page":""}},"template--19940302946649__d8c4b911-21af-43bf-b374-19f82a003d83-tab-3":{"type":"tab","settings":{"title":"Materiale","content":"<p>{{ product.metafields.custom.produkt_collapsible_text_materiale_vejledning_etc_ | metafield_tag }}.<\/p>","page":""}},"36d30f53-9adf-4b0c-967f-2ff317c5c76c":{"type":"tab","settings":{"title":"Forsendelse & Returnering","content":"<p><strong>Som kunde på en webshop skal forsendelse ske hurtigst muligt og returnering så nemt som muligt.<\/strong><\/p><p>Hos Den Lille Garnbiks håndtere vi som standard din bestilling inden for 24 timer hvorefter vi udleverer din pakke til valgte fragtmand. Vi anbefaler GLS, da vi har de bedste erfaringer med dem. <\/p><p>Fra du gennemfører din bestilling til du modtager din pakke går der mellem 1-3 dage. <\/p><p>Fortryder du din bestilling er du altid velkommen til at returnere din bestilling. For nem returnering henviser vi til vores returformular <a href=\"\/policies\/refund-policy\"><span style=\"text-decoration:underline\">her<\/span><\/a><\/p>","page":""}}},"block_order":["template--19940302946649__d8c4b911-21af-43bf-b374-19f82a003d83-tab-1","template--19940302946649__d8c4b911-21af-43bf-b374-19f82a003d83-tab-2","template--19940302946649__d8c4b911-21af-43bf-b374-19f82a003d83-tab-3","36d30f53-9adf-4b0c-967f-2ff317c5c76c"],"disabled":true,"settings":{"full_width":true,"content_size":"large","subheading":"","title":"{{ product.title }}","first_tab_open":false,"background":"","background_gradient":"","text_color":"","heading_color":"","heading_gradient":""}},"3c9058da-37cb-4f46-8724-630bfb9dbe19":{"type":"multi-column","blocks":{"template--20297984016729__3c9058da-37cb-4f46-8724-630bfb9dbe19-item-1":{"type":"item","settings":{"column_size":"3","title":"Anbefalet strikkepinde","heading_tag":"h4","content":"<p>{{ product.metafields.custom.produktbeskrivelse | metafield_tag }}<\/p>","link_url":"","link_text":"","link_style":"link"}},"template--20297984016729__3c9058da-37cb-4f46-8724-630bfb9dbe19-item-2":{"type":"item","settings":{"column_size":"3","title":"Anbefalet garn & mængde","heading_tag":"h4","content":"<p>{{ product.metafields.custom.produkt_collapsible_text_materiale_vejledning_etc_ | metafield_tag }}<\/p>","link_url":"","link_text":"","link_style":"link"}},"template--20297984016729__3c9058da-37cb-4f46-8724-630bfb9dbe19-item-3":{"type":"item","settings":{"column_size":"3","title":"Størrelsesguide","heading_tag":"h4","content":"<p>{{ product.metafields.custom.garnkits_st_rrelsesguide | metafield_tag }}<\/p>","link_url":"","link_text":"","link_style":"link"}}},"block_order":["template--20297984016729__3c9058da-37cb-4f46-8724-630bfb9dbe19-item-1","template--20297984016729__3c9058da-37cb-4f46-8724-630bfb9dbe19-item-2","template--20297984016729__3c9058da-37cb-4f46-8724-630bfb9dbe19-item-3"],"settings":{"full_width":true,"stack_on_mobile":false,"gap":"medium","text_alignment":"start","subheading":"{{ product.metafields.my_fields.v_gt.value }}","title":"","content":"","background":"","background_gradient":"","text_color":""}},"fe16f603-bd01-450b-a7d1-9564a551295c":{"type":"featured-collection","settings":{"collection":"knapper","products":[],"full_width":true,"stack_products":false,"show_progress_bar":true,"products_count":50,"products_per_row_mobile":"2","products_per_row_desktop":5,"subheading":"","title":"Skal du have knapper til?","content":"","link_url":"shopify:\/\/collections\/knapper","link_text":"Se alle vores knapper her","background":"","background_gradient":"","text_color":"","heading_color":"","heading_gradient":"","product_card_background":"","product_card_text_color":""}},"ea9ad229-05b0-4e97-86cc-cdf39d9a9ffc":{"type":"text-with-icons","blocks":{"template--19940302946649__ea9ad229-05b0-4e97-86cc-cdf39d9a9ffc-item-1":{"type":"item","settings":{"icon":"picto-coupon","custom_icon":"shopify:\/\/shop_images\/Garn_donation_9f9e747a-409b-42fc-9fce-4e2ab602185c.png","mobile_icon_width":120,"icon_width":120,"icon_background_type":"none","icon_background":"","icon_color":"","title":"Vi donerer garn til den gode sag","content":"<p>Vi støtter foreninger med garn til strikkeprojekter<\/p>"}},"template--19940302946649__ea9ad229-05b0-4e97-86cc-cdf39d9a9ffc-item-2":{"type":"item","settings":{"icon":"picto-coupon","custom_icon":"shopify:\/\/shop_images\/Garnkits_3.png","mobile_icon_width":120,"icon_width":120,"icon_background_type":"none","icon_background":"","icon_color":"","title":"Tilpassede garnkit til dit projekt","content":"<p>Vi skaber skræddersyede garnkits, der passer til dit strikkeprojekt<\/p>"}},"template--19940302946649__ea9ad229-05b0-4e97-86cc-cdf39d9a9ffc-item-3":{"type":"item","settings":{"icon":"picto-coupon","custom_icon":"shopify:\/\/shop_images\/Lot_Nummer_4.png","mobile_icon_width":120,"icon_width":120,"icon_background_type":"none","icon_background":"","icon_color":"","title":"Din bestilling bliver altid dobbelt tjekket","content":"<p>Vi tjekker altid for varierende Lot numre. Så du undgår farveforskelle<\/p>"}},"f129c8cd-03c0-40f0-8741-681068a4fef3":{"type":"item","settings":{"icon":"picto-coupon","custom_icon":"shopify:\/\/shop_images\/Personlig_indpakning_481efcd9-8812-4fe9-97f4-d48a16d43ec5.png","mobile_icon_width":120,"icon_width":120,"icon_background_type":"none","icon_background":"","icon_color":"","title":"Dine garnprojekter, vores glæde!","content":"<p>Vi pakker din bestilling med ekstra kærlighed<\/p>"}}},"block_order":["template--19940302946649__ea9ad229-05b0-4e97-86cc-cdf39d9a9ffc-item-1","template--19940302946649__ea9ad229-05b0-4e97-86cc-cdf39d9a9ffc-item-2","template--19940302946649__ea9ad229-05b0-4e97-86cc-cdf39d9a9ffc-item-3","f129c8cd-03c0-40f0-8741-681068a4fef3"],"settings":{"full_width":true,"stack_on_mobile":false,"title":"","heading_tag":"h5","text_alignment":"center","icon_spacing":"medium","background":"#f0eeeb","background_gradient":"","text_color":""}},"046cda54-0657-4553-bdb5-dc000f9d35e9":{"type":"collection-list","blocks":{"template--19940302946649__046cda54-0657-4553-bdb5-dc000f9d35e9-collection-1":{"type":"collection","settings":{"collection":"garnkits-til-dame","subheading":"","title":"","url":"","heading_tag":"h2","text_position":"place-self-center text-center","text_color":"#ffffff","overlay_color":"#000000","overlay_opacity":30}},"template--19940302946649__046cda54-0657-4553-bdb5-dc000f9d35e9-collection-2":{"type":"collection","settings":{"collection":"garnkits-til-herre","subheading":"","title":"","url":"","heading_tag":"h2","text_position":"place-self-center text-center","text_color":"#ffffff","overlay_color":"#000000","overlay_opacity":30}},"template--19940302946649__046cda54-0657-4553-bdb5-dc000f9d35e9-collection-3":{"type":"collection","settings":{"collection":"garnkits-til-born","subheading":"","title":"","url":"","heading_tag":"h2","text_position":"place-self-center text-center","text_color":"#ffffff","overlay_color":"#000000","overlay_opacity":30}},"dc6c77c3-7787-4204-a638-e8844da50ec1":{"type":"collection","settings":{"collection":"garnkits-med-tilbehor","subheading":"","title":"","url":"","heading_tag":"h2","text_position":"place-self-center text-center","text_color":"#ffffff","overlay_color":"#000000","overlay_opacity":30}}},"block_order":["template--19940302946649__046cda54-0657-4553-bdb5-dc000f9d35e9-collection-1","template--19940302946649__046cda54-0657-4553-bdb5-dc000f9d35e9-collection-2","template--19940302946649__046cda54-0657-4553-bdb5-dc000f9d35e9-collection-3","dc6c77c3-7787-4204-a638-e8844da50ec1"],"settings":{"full_width":true,"stack_collections":true,"collections_per_row":3,"show_progress_bar":false,"subheading":"","title":"Bliv inspireret af vores garnkits","content":"","link_url":"shopify:\/\/collections\/garnkits","link_text":"Se alle garnkits","background":"","background_gradient":"","text_color":"","heading_color":"","heading_gradient":""}},"dc267fe9-531a-4eda-8955-5d90cfa37c1e":{"type":"featured-collection","settings":{"collection":"garnkits","products":[],"full_width":true,"stack_products":true,"show_progress_bar":false,"products_count":8,"products_per_row_mobile":"2","products_per_row_desktop":4,"subheading":"","title":"Lige nu: Vores mest populære garnkits","content":"","link_url":"shopify:\/\/collections\/garnkits","link_text":"Se alle garnkits","background":"","background_gradient":"","text_color":"","heading_color":"#1f479e","heading_gradient":"","product_card_background":"","product_card_text_color":""}}},"order":["fae1c31f-2332-4247-8131-bfb37ec26a80","main","related-products","d8c4b911-21af-43bf-b374-19f82a003d83","3c9058da-37cb-4f46-8724-630bfb9dbe19","fe16f603-bd01-450b-a7d1-9564a551295c","ea9ad229-05b0-4e97-86cc-cdf39d9a9ffc","046cda54-0657-4553-bdb5-dc000f9d35e9","dc267fe9-531a-4eda-8955-5d90cfa37c1e"]}