{"sections":{"main":{"type":"main-product","blocks":{"title":{"type":"title","settings":{"heading_tag":"h2"}},"badges":{"type":"badges","disabled":true,"settings":{}},"price":{"type":"price","settings":{"show_taxes_notice":false}},"payment_terms":{"type":"payment_terms","disabled":true,"settings":{}},"separator":{"type":"separator","disabled":true,"settings":{}},"7edff1c9-1d43-47cd-8285-3003ae5dfd4e":{"type":"collapsible_text","settings":{"title":"Hvad kan der være plads til?","content":"<p>{{ product.metafields.custom.produkt_collapsible_text_materiale_vejledning_etc_ | metafield_tag }}<\/p>"}},"description":{"type":"description","settings":{"collapse_content":true}},"variant_picker":{"type":"variant_picker","settings":{"hide_sold_out_variants":false,"stack_blocks":true,"selector_mode":"block","color_mode":"variant","size_chart_page":""}},"quantity_selector":{"type":"quantity_selector","settings":{}},"buy_buttons":{"type":"buy_buttons","settings":{"show_payment_button":false,"show_gift_card_recipient":true,"atc_button_background":"","atc_button_text_color":"","payment_button_background":"","payment_button_text_color":""}},"c67c12cb-a485-4754-a8a7-120cce27b583":{"type":"associated_products","settings":{"title":"Buy it with","stack_products":true,"products_count":5,"background":"","text_color":""}},"b1b50ec6-0f22-4639-bd76-2655fef5a90b":{"type":"image","settings":{"image":"shopify:\/\/shop_images\/353736739_4946877368770202_1647023442336149072_n_6f83d1f5-aae9-48b6-a2d8-27c79e953ea9.png","alignment":"center","max_width":500}}},"block_order":["title","badges","price","payment_terms","separator","7edff1c9-1d43-47cd-8285-3003ae5dfd4e","description","variant_picker","quantity_selector","buy_buttons","c67c12cb-a485-4754-a8a7-120cce27b583","b1b50ec6-0f22-4639-bd76-2655fef5a90b"],"settings":{"full_width":true,"show_fixed_add_to_cart":true,"desktop_media_width":60,"desktop_media_layout":"grid_highlight","mobile_media_size":"contained","mobile_carousel_control":"floating_dots","enable_video_autoplay":false,"enable_video_looping":true,"enable_image_zoom":true,"max_image_zoom_level":3,"background":"","background_gradient":"","text_color":"","input_background":"rgba(0,0,0,0)","input_text_color":""}},"ad9a9a4a-3231-413d-9eb8-97bf080a9546":{"type":"tabs","blocks":{"template--19929242435929__ad9a9a4a-3231-413d-9eb8-97bf080a9546-tab-1":{"type":"tab","settings":{"title":"Produktbeskrivelse","content":"<p>{{ product.metafields.custom.produktbeskrivelse | metafield_tag }}<\/p>","page":""}},"template--19929242435929__ad9a9a4a-3231-413d-9eb8-97bf080a9546-tab-2":{"type":"tab","settings":{"title":"Forsendelse & Returnering","content":"<p><strong>Som kunde på en webshop skal forsendelse ske hurtigst muligt og returnering så nemt som muligt.<\/strong><\/p><p>Hos Den Lille Garnbiks håndtere vi som standard din bestilling inden for 24 timer hvorefter vi udleverer din pakke til valgte fragtmand. Vi anbefaler GLS, da vi har de bedste erfaringer med dem. <\/p><p>Fra du gennemfører din bestilling til du modtager din pakke går der mellem 1-3 dage. <\/p><p>Fortryder du din bestilling er du altid velkommen til at returnere din bestilling. For nem returnering henviser vi til vores returformular <a href=\"\/policies\/refund-policy\">her<\/a><\/p>","page":""}},"template--19929242435929__ad9a9a4a-3231-413d-9eb8-97bf080a9546-tab-3":{"type":"tab","settings":{"title":"Betaling","content":"<p>Når du har færdiggjort din kurv, kan du nemt og sikkert gennemføre din bestilling. Du kan både vælge at betale med VISA, Mastercard, Dankort, Apple Pay og <strong>Mobilepay<\/strong>. <\/p><p>Uanset hvilken løsning du foretrækker til betaling, trækker vi først beløbet når vi har afsendt din bestilling. Ønsker du at læse om vores handelsbetingelser, kan du læse mere <a href=\"\/policies\/terms-of-service\">her<\/a><\/p>","page":""}}},"block_order":["template--19929242435929__ad9a9a4a-3231-413d-9eb8-97bf080a9546-tab-1","template--19929242435929__ad9a9a4a-3231-413d-9eb8-97bf080a9546-tab-2","template--19929242435929__ad9a9a4a-3231-413d-9eb8-97bf080a9546-tab-3"],"settings":{"full_width":true,"content_size":"large","subheading":"","title":"","first_tab_open":false,"background":"","background_gradient":"","text_color":"","heading_color":"","heading_gradient":""}},"b5eb110d-09f2-4781-85d2-d85bf4b8d9bc":{"type":"multi-column","blocks":{"template--19929242435929__b5eb110d-09f2-4781-85d2-d85bf4b8d9bc-item-1":{"type":"item","settings":{"column_size":"3","title":"Muud Living","heading_tag":"h4","content":"<p>\"Muud designer smukke accessories i kvalitets læder, der er skabt til at holde i mange år.\"<\/p>","link_url":"","link_text":"","link_style":"link"}},"template--19929242435929__b5eb110d-09f2-4781-85d2-d85bf4b8d9bc-item-2":{"type":"item","settings":{"image":"shopify:\/\/shop_images\/Knitting_Banner3_1_1024x1024_jpg_2a896da5-995a-4e31-a5ee-a5876e95ef20.webp","column_size":"1.5","title":"","heading_tag":"h4","content":"","link_url":"","link_text":"","link_style":"link"}},"template--19929242435929__b5eb110d-09f2-4781-85d2-d85bf4b8d9bc-item-3":{"type":"item","settings":{"column_size":"2","title":"\"Dit strikketøj fortjener smuk opbevaring – når du er hjemme og på farten.\"","heading_tag":"h3","content":"<p>Hver taske er designet med stilfulde detaljer og praktiske lommer, der skaber overblik over dit tilbehør- og gør det nemt for dig at tage dine projekter med på farten.<\/p>","link_url":"","link_text":"","link_style":"link"}},"69226c37-da71-41cd-8ebc-2d537233fb96":{"type":"item","settings":{"image":"shopify:\/\/shop_images\/QB-2530R9-Whisky-Extra7_jpg_92591b71-05a1-436c-9f03-3dbd337b303e.webp","column_size":"2","title":"","heading_tag":"h4","content":"","link_url":"","link_text":"","link_style":"link"}}},"block_order":["template--19929242435929__b5eb110d-09f2-4781-85d2-d85bf4b8d9bc-item-1","template--19929242435929__b5eb110d-09f2-4781-85d2-d85bf4b8d9bc-item-2","template--19929242435929__b5eb110d-09f2-4781-85d2-d85bf4b8d9bc-item-3","69226c37-da71-41cd-8ebc-2d537233fb96"],"disabled":true,"settings":{"full_width":true,"stack_on_mobile":true,"gap":"small","text_alignment":"start","subheading":"","title":"Muud: Opbevaring Af Garn & Strikketilbehør I Særklasse","content":"","background":"","background_gradient":"","text_color":""}},"0776d901-bb5b-4f45-bd12-4ac2e136320b":{"type":"before-after-image","disabled":true,"settings":{"full_width":true,"subheading":"","title":"Er du til whisky eller sort?","content":"<p>Alle produkter fra MUUD bliver lavet i to farve varianter - hvilken skal du have?<\/p>","before_image":"shopify:\/\/shop_images\/Liv-Whisky.png","after_image":"shopify:\/\/shop_images\/Liv-Sort.png","expand_image":false,"text_position":"start","before_after_text_position":"top","before_text":"Whisky","after_text":"Sort","drag_initial_position":50,"background":"","background_gradient":"","text_color":"","before_text_color":"#faf9f6","after_text_color":"#faf9f6","drag_cursor_background":"#1f479e","drag_cursor_color":"#faf9f6"}},"bd6fe197-184c-417a-9412-10249e3b4e7b":{"type":"featured-product","blocks":{"template--19929242435929__bd6fe197-184c-417a-9412-10249e3b4e7b-title-1":{"type":"title","settings":{"heading_tag":"h2"}},"template--19929242435929__bd6fe197-184c-417a-9412-10249e3b4e7b-price-1":{"type":"price","settings":{"show_taxes_notice":false}},"template--19929242435929__bd6fe197-184c-417a-9412-10249e3b4e7b-separator-1":{"type":"separator","settings":{}},"template--19929242435929__bd6fe197-184c-417a-9412-10249e3b4e7b-variant_picker-1":{"type":"variant_picker","settings":{"hide_sold_out_variants":false,"stack_blocks":true,"selector_mode":"block","color_mode":"color","size_chart_page":""}},"template--19929242435929__bd6fe197-184c-417a-9412-10249e3b4e7b-quantity_selector-1":{"type":"quantity_selector","settings":{}},"template--19929242435929__bd6fe197-184c-417a-9412-10249e3b4e7b-buy_buttons-1":{"type":"buy_buttons","settings":{"show_payment_button":false,"show_gift_card_recipient":true,"atc_button_background":"","atc_button_text_color":"","payment_button_background":"","payment_button_text_color":""}}},"block_order":["template--19929242435929__bd6fe197-184c-417a-9412-10249e3b4e7b-title-1","template--19929242435929__bd6fe197-184c-417a-9412-10249e3b4e7b-price-1","template--19929242435929__bd6fe197-184c-417a-9412-10249e3b4e7b-separator-1","template--19929242435929__bd6fe197-184c-417a-9412-10249e3b4e7b-variant_picker-1","template--19929242435929__bd6fe197-184c-417a-9412-10249e3b4e7b-quantity_selector-1","template--19929242435929__bd6fe197-184c-417a-9412-10249e3b4e7b-buy_buttons-1"],"disabled":true,"settings":{"full_width":false,"product":"{{ product }}","desktop_media_width":45,"desktop_media_layout":"grid_highlight","mobile_media_size":"expanded","mobile_carousel_control":"floating_dots","enable_video_autoplay":true,"enable_video_looping":false,"enable_image_zoom":true,"max_image_zoom_level":3,"background":"","background_gradient":"","text_color":"","input_background":"rgba(0,0,0,0)","input_text_color":""}}},"order":["main","ad9a9a4a-3231-413d-9eb8-97bf080a9546","b5eb110d-09f2-4781-85d2-d85bf4b8d9bc","0776d901-bb5b-4f45-bd12-4ac2e136320b","bd6fe197-184c-417a-9412-10249e3b4e7b"]}