{"sections":{"image_with_text_overlay_t9CeBj":{"type":"image-with-text-overlay","blocks":{"subheading_wNYTBn":{"type":"subheading","disabled":true,"settings":{"text":"Subheading"}},"heading_WNkqpp":{"type":"heading","disabled":true,"settings":{"text":"Image with text overlay","heading_tag":"h1"}},"richtext_rFTytj":{"type":"richtext","disabled":true,"settings":{"content":"<p>Use this text to share information about your brand with your customers. Describe a product, share announcements, or welcome customers to your store.<\/p>"}}},"block_order":["subheading_wNYTBn","heading_WNkqpp","richtext_rFTytj"],"settings":{"full_width":true,"allow_transparent_header":false,"enable_parallax":false,"image_size":"auto","image":"shopify:\/\/shop_images\/Skaermbillede_2022-04-15_kl._10.51.38.png","mobile_text_position":"place-self-center text-center","desktop_text_position":"sm:place-self-center sm:text-center","text_color":"#ffffff","overlay_color":"#000000","overlay_opacity":0}},"featured_collection_QhCgkb":{"type":"featured-collection","settings":{"collection":"garnkits-fra-knit-studio","products":[],"full_width":true,"stack_products":true,"show_progress_bar":true,"products_count":9,"products_per_row_mobile":"2","products_per_row_desktop":3,"subheading":"Noget for enhver strikke-lyst & niveau","title":"I år har vi lavet 7 forskellige påske æg","content":"","link_url":"","link_text":"","background":"","background_gradient":"","text_color":"#8f621e","heading_color":"","heading_gradient":"","product_card_background":"","product_card_text_color":""}},"main":{"type":"main-product","blocks":{"title":{"type":"title","settings":{"heading_tag":"h2"}},"badges":{"type":"badges","settings":{}},"price":{"type":"price","settings":{"show_taxes_notice":false}},"description":{"type":"description","settings":{"collapse_content":true}},"763ce7dc-711f-4b25-8585-ef48d4268a56":{"type":"collapsible_text","settings":{"title":"Hvilket garn er den strikket i?","content":"<p>{{ product.metafields.custom.produkt_collapsible_text_materiale_vejledning_etc_ | metafield_tag }}<\/p>"}},"22fa98c9-4a88-4423-bb61-d5cbe5abf57a":{"type":"pickup_availability","disabled":true,"settings":{}},"payment_terms":{"type":"payment_terms","settings":{}},"variant_picker":{"type":"variant_picker","settings":{"hide_sold_out_variants":false,"stack_blocks":true,"selector_mode":"block","color_mode":"variant","size_chart_page":""}},"5282e94e-8519-48cd-ac93-bb0e088335d1":{"type":"inventory","disabled":true,"settings":{"low_inventory_threshold":10}},"quantity_selector":{"type":"quantity_selector","settings":{}},"buy_buttons":{"type":"buy_buttons","settings":{"show_payment_button":false,"show_gift_card_recipient":true,"atc_button_background":"","atc_button_text_color":"","payment_button_background":"","payment_button_text_color":""}},"753dfa66-aa1b-4167-8ec0-4b188a915a96":{"type":"image","settings":{"image":"shopify:\/\/shop_images\/353736739_4946877368770202_1647023442336149072_n_6f83d1f5-aae9-48b6-a2d8-27c79e953ea9.png","alignment":"center","max_width":500}},"c67c12cb-a485-4754-a8a7-120cce27b583":{"type":"associated_products","settings":{"title":"Småt, men godt - tilføj til din bestilling","stack_products":false,"products_count":5,"background":"","text_color":""}}},"block_order":["title","badges","price","description","763ce7dc-711f-4b25-8585-ef48d4268a56","22fa98c9-4a88-4423-bb61-d5cbe5abf57a","payment_terms","variant_picker","5282e94e-8519-48cd-ac93-bb0e088335d1","quantity_selector","buy_buttons","753dfa66-aa1b-4167-8ec0-4b188a915a96","c67c12cb-a485-4754-a8a7-120cce27b583"],"settings":{"full_width":true,"show_fixed_add_to_cart":true,"desktop_media_width":45,"desktop_media_layout":"grid_highlight","mobile_media_size":"contained","mobile_carousel_control":"thumbnails","enable_video_autoplay":false,"enable_video_looping":true,"enable_image_zoom":true,"max_image_zoom_level":3,"background":"","background_gradient":"","text_color":"","input_background":"rgba(0,0,0,0)","input_text_color":""}},"multi_column_pEttbF":{"type":"multi-column","blocks":{"item_9DNphD":{"type":"item","settings":{"column_size":"3","title":"Column title","heading_tag":"h4","content":"<p>Pair text with an image to focus on your chosen product, collection, or blog post. Add details on availability, style, or even provide a review.<\/p>","link_url":"","link_text":"","link_style":"link"}},"item_ChDyf9":{"type":"item","settings":{"column_size":"3","title":"Column title","heading_tag":"h4","content":"<p>Pair text with an image to focus on your chosen product, collection, or blog post. Add details on availability, style, or even provide a review.<\/p>","link_url":"","link_text":"","link_style":"link"}},"item_tdKWfq":{"type":"item","settings":{"column_size":"3","title":"Column title","heading_tag":"h4","content":"<p>Pair text with an image to focus on your chosen product, collection, or blog post. Add details on availability, style, or even provide a review.<\/p>","link_url":"","link_text":"","link_style":"link"}}},"block_order":["item_9DNphD","item_ChDyf9","item_tdKWfq"],"settings":{"full_width":true,"stack_on_mobile":false,"gap":"medium","text_alignment":"start","subheading":"About","title":"Featured content","content":"<p>Organize content into multiple columns to share useful information to your customers about your products, values...<\/p>","background":"","background_gradient":"","text_color":""}},"featured_product_BQhcry":{"type":"featured-product","blocks":{"vendor_Mqfexj":{"type":"vendor","settings":{}},"title_BfVU9L":{"type":"title","settings":{"heading_tag":"h2"}},"badges_7xiBze":{"type":"badges","settings":{}},"price_U6pwbR":{"type":"price","settings":{"show_taxes_notice":false}},"rating_Lza88U":{"type":"rating","settings":{"show_empty":false}},"separator_43EMDp":{"type":"separator","settings":{}},"description_NxKYjY":{"type":"description","settings":{"collapse_content":false}},"variant_picker_ix98Kf":{"type":"variant_picker","settings":{"hide_sold_out_variants":false,"stack_blocks":true,"selector_mode":"block","color_mode":"color","size_chart_page":""}},"quantity_selector_gEdMbQ":{"type":"quantity_selector","settings":{}},"buy_buttons_TqFmHm":{"type":"buy_buttons","settings":{"show_payment_button":true,"show_gift_card_recipient":true,"atc_button_background":"","atc_button_text_color":"","payment_button_background":"","payment_button_text_color":""}},"pickup_availability_xMqqfW":{"type":"pickup_availability","settings":{}}},"block_order":["vendor_Mqfexj","title_BfVU9L","badges_7xiBze","price_U6pwbR","rating_Lza88U","separator_43EMDp","description_NxKYjY","variant_picker_ix98Kf","quantity_selector_gEdMbQ","buy_buttons_TqFmHm","pickup_availability_xMqqfW"],"settings":{"full_width":true,"product":"cloud-sweater-garnkit","desktop_media_width":45,"desktop_media_layout":"grid_highlight","mobile_media_size":"expanded","mobile_carousel_control":"floating_dots","enable_video_autoplay":true,"enable_video_looping":false,"enable_image_zoom":true,"max_image_zoom_level":3,"background":"","background_gradient":"","text_color":"","input_background":"rgba(0,0,0,0)","input_text_color":""}},"multi_column_K6fd9r":{"type":"multi-column","blocks":{"item_AfY48W":{"type":"item","settings":{"column_size":"3","title":"Column title","heading_tag":"h4","content":"<p>Pair text with an image to focus on your chosen product, collection, or blog post. Add details on availability, style, or even provide a review.<\/p>","link_url":"","link_text":"","link_style":"link"}},"item_VHX88Q":{"type":"item","settings":{"column_size":"3","title":"Column title","heading_tag":"h4","content":"<p>Pair text with an image to focus on your chosen product, collection, or blog post. Add details on availability, style, or even provide a review.<\/p>","link_url":"","link_text":"","link_style":"link"}},"item_EXXmAa":{"type":"item","settings":{"column_size":"3","title":"Column title","heading_tag":"h4","content":"<p>Pair text with an image to focus on your chosen product, collection, or blog post. Add details on availability, style, or even provide a review.<\/p>","link_url":"","link_text":"","link_style":"link"}}},"block_order":["item_AfY48W","item_VHX88Q","item_EXXmAa"],"settings":{"full_width":true,"stack_on_mobile":false,"gap":"medium","text_alignment":"start","subheading":"About","title":"Featured content","content":"<p>Organize content into multiple columns to share useful information to your customers about your products, values...<\/p>","background":"","background_gradient":"","text_color":""}},"b6e9cf58-ee84-4a41-ba77-5e728fce135d":{"type":"text-with-icons","blocks":{"template--19925692350809__b6e9cf58-ee84-4a41-ba77-5e728fce135d-item-1":{"type":"item","settings":{"icon":"picto-coupon","custom_icon":"shopify:\/\/shop_images\/Garnkits_3.png","mobile_icon_width":120,"icon_width":120,"icon_background_type":"none","icon_background":"","icon_color":"","title":"Tilpassede garnkit til dit projekt","content":""}},"template--19925692350809__b6e9cf58-ee84-4a41-ba77-5e728fce135d-item-2":{"type":"item","settings":{"icon":"picto-coupon","custom_icon":"shopify:\/\/shop_images\/Garn_donation_9f9e747a-409b-42fc-9fce-4e2ab602185c.png","mobile_icon_width":120,"icon_width":120,"icon_background_type":"none","icon_background":"","icon_color":"","title":"Vi donerer garn til den gode sag","content":""}},"template--19925692350809__b6e9cf58-ee84-4a41-ba77-5e728fce135d-item-3":{"type":"item","settings":{"icon":"picto-coupon","custom_icon":"shopify:\/\/shop_images\/Lot_Nummer_4.png","mobile_icon_width":120,"icon_width":120,"icon_background_type":"none","icon_background":"","icon_color":"","title":"Din bestilling bliver altid dobbelt tjekket","content":""}},"fc37d582-017b-447d-9b31-d3bbcb966974":{"type":"item","settings":{"icon":"picto-coupon","custom_icon":"shopify:\/\/shop_images\/Personlig_indpakning_481efcd9-8812-4fe9-97f4-d48a16d43ec5.png","mobile_icon_width":120,"icon_width":120,"icon_background_type":"none","icon_background":"","icon_color":"","title":"Dine garnprojekter, vores glæde!","content":""}}},"block_order":["template--19925692350809__b6e9cf58-ee84-4a41-ba77-5e728fce135d-item-1","template--19925692350809__b6e9cf58-ee84-4a41-ba77-5e728fce135d-item-2","template--19925692350809__b6e9cf58-ee84-4a41-ba77-5e728fce135d-item-3","fc37d582-017b-447d-9b31-d3bbcb966974"],"settings":{"full_width":true,"stack_on_mobile":false,"title":"","heading_tag":"h5","text_alignment":"center","icon_spacing":"medium","background":"#f0eeeb","background_gradient":"","text_color":""}}},"order":["image_with_text_overlay_t9CeBj","featured_collection_QhCgkb","main","multi_column_pEttbF","featured_product_BQhcry","multi_column_K6fd9r","b6e9cf58-ee84-4a41-ba77-5e728fce135d"]}