{"sections":{"main":{"type":"main-product","blocks":{"title":{"type":"title","settings":{"heading_tag":"h2"}},"price":{"type":"price","settings":{"show_taxes_notice":false}},"7d37b3e2-b1fb-4dc7-b168-4db7a1ad8650":{"type":"collapsible_text","settings":{"title":"Hvad indeholder sættet?","content":"<p>{{ product.metafields.custom.produkt_collapsible_text_materiale_vejledning_etc_ | metafield_tag }}.<\/p>"}},"description":{"type":"description","settings":{"collapse_content":true}},"variant_picker":{"type":"variant_picker","settings":{"hide_sold_out_variants":false,"stack_blocks":true,"selector_mode":"block","color_mode":"color","size_chart_page":""}},"quantity_selector":{"type":"quantity_selector","settings":{}},"buy_buttons":{"type":"buy_buttons","settings":{"show_payment_button":false,"show_gift_card_recipient":true,"atc_button_background":"","atc_button_text_color":"","payment_button_background":"","payment_button_text_color":""}},"c5e88c06-0a94-4f1c-ba82-9dd8d7044577":{"type":"image","settings":{"image":"shopify:\/\/shop_images\/353736739_4946877368770202_1647023442336149072_n_6f83d1f5-aae9-48b6-a2d8-27c79e953ea9.png","alignment":"center","max_width":500}},"c67c12cb-a485-4754-a8a7-120cce27b583":{"type":"associated_products","settings":{"title":"Er du mere til en af vores andre strikkepindesæt?","stack_products":false,"products_count":4,"background":"","text_color":""}}},"block_order":["title","price","7d37b3e2-b1fb-4dc7-b168-4db7a1ad8650","description","variant_picker","quantity_selector","buy_buttons","c5e88c06-0a94-4f1c-ba82-9dd8d7044577","c67c12cb-a485-4754-a8a7-120cce27b583"],"settings":{"full_width":true,"show_fixed_add_to_cart":true,"desktop_media_width":45,"desktop_media_layout":"carousel_thumbnails_bottom","mobile_media_size":"contained","mobile_carousel_control":"floating_dots","enable_video_autoplay":false,"enable_video_looping":true,"enable_image_zoom":true,"max_image_zoom_level":3,"background":"","background_gradient":"","text_color":"","input_background":"rgba(0,0,0,0)","input_text_color":""}},"3f3a829e-a741-4550-ae5c-76de56819419":{"type":"tabs","blocks":{"a9901477-4a22-4a6e-8312-585182bb242e":{"type":"tab","settings":{"title":"Produktbeskrivelse","content":"<p>{{ product.metafields.custom.produktbeskrivelse | metafield_tag }}.<\/p>","page":""}},"5267100c-124e-4bb9-8fd2-a79d05b42072":{"type":"tab","settings":{"title":"Hvad indeholder sættet?","content":"<p>{{ product.metafields.custom.produkt_collapsible_text_materiale_vejledning_etc_ | metafield_tag }}.<\/p>","page":""}},"template--19925220163929__3f3a829e-a741-4550-ae5c-76de56819419-tab-3":{"type":"tab","settings":{"title":"Forsendelse & Returnering","content":"<p><strong>Som kunde på en webshop skal forsendelse ske hurtigst muligt og returnering så nemt som muligt.<\/strong><\/p><p>Hos Den Lille Garnbiks håndtere vi som standard din bestilling inden for 24 timer hvorefter vi udleverer din pakke til valgte fragtmand. Vi anbefaler GLS, da vi har de bedste erfaringer med dem. <\/p><p>Fra du gennemfører din bestilling til du modtager din pakke går der mellem 1-3 dage. <\/p><p>Fortryder du din bestilling er du altid velkommen til at returnere din bestilling. For nem returnering henviser vi til vores returformular <a href=\"\/policies\/refund-policy\"><span style=\"text-decoration:underline\">her<\/span><\/a><\/p>","page":""}},"template--19925220163929__3f3a829e-a741-4550-ae5c-76de56819419-tab-2":{"type":"tab","settings":{"title":"Betaling","content":"<p>Når du har færdiggjort din kurv, kan du nemt og sikkert gennemføre din bestilling. Du kan både vælge at betale med VISA, Mastercard, Dankort, Apple Pay og <strong>Mobilepay<\/strong>. <\/p><p>Uanset hvilken løsning du foretrækker til betaling, trækker vi først beløbet når vi har afsendt din bestilling. Ønsker du at læse om vores handelsbetingelser, kan du læse mere <a href=\"\/policies\/terms-of-service\"><span style=\"text-decoration:underline\">her<\/span><\/a><\/p>","page":""}}},"block_order":["a9901477-4a22-4a6e-8312-585182bb242e","5267100c-124e-4bb9-8fd2-a79d05b42072","template--19925220163929__3f3a829e-a741-4550-ae5c-76de56819419-tab-3","template--19925220163929__3f3a829e-a741-4550-ae5c-76de56819419-tab-2"],"settings":{"full_width":true,"content_size":"large","subheading":"","title":"","first_tab_open":false,"background":"","background_gradient":"","text_color":"","heading_color":"","heading_gradient":""}},"related-products":{"type":"related-products","settings":{"recommendations_count":10,"products":[],"full_width":true,"stack_products":false,"show_progress_bar":false,"products_per_row_mobile":"2","products_per_row_desktop":5,"subheading":"","title":"Er du mere til en af vores andre strikkepinde sæt?","content":"","background":"","background_gradient":"","text_color":"","heading_color":"","heading_gradient":"","product_card_background":"","product_card_text_color":""}},"2b6792fd-1842-418d-9475-c5464196ff2e":{"type":"text-with-icons","blocks":{"template--19956369260889__2b6792fd-1842-418d-9475-c5464196ff2e-item-1":{"type":"item","settings":{"icon":"picto-coupon","custom_icon":"shopify:\/\/shop_images\/Garnkits_0c076b5a-c7ef-4f96-ba86-c90415243a7c.png","mobile_icon_width":120,"icon_width":120,"icon_background_type":"none","icon_background":"","icon_color":"","title":"Tilpassede garnkit til dit projekt","content":""}},"template--19956369260889__2b6792fd-1842-418d-9475-c5464196ff2e-item-3":{"type":"item","settings":{"icon":"picto-coupon","custom_icon":"shopify:\/\/shop_images\/Garn_Donation_fa3120e1-a8a4-4edd-905c-c51ab47c97c2.png","mobile_icon_width":120,"icon_width":120,"icon_background_type":"none","icon_background":"","icon_color":"","title":"Vi donerer garn til den gode sag","content":""}},"template--19956369260889__2b6792fd-1842-418d-9475-c5464196ff2e-item-2":{"type":"item","settings":{"icon":"picto-coupon","custom_icon":"shopify:\/\/shop_images\/Lot_Nummer_aa4a296d-f1b5-4e53-8281-653c1294430d.png","mobile_icon_width":120,"icon_width":120,"icon_background_type":"none","icon_background":"","icon_color":"","title":"Din bestilling bliver altid dobbelt tjekket","content":""}},"000f5dd1-1025-4671-a091-8852fe401036":{"type":"item","settings":{"icon":"picto-coupon","custom_icon":"shopify:\/\/shop_images\/Personlig_indpakning_af6e794a-d99c-4e35-9af3-5919df2ac6f5.png","mobile_icon_width":120,"icon_width":120,"icon_background_type":"none","icon_background":"","icon_color":"","title":"Dine garnprojekter, vores glæde!","content":""}}},"block_order":["template--19956369260889__2b6792fd-1842-418d-9475-c5464196ff2e-item-1","template--19956369260889__2b6792fd-1842-418d-9475-c5464196ff2e-item-3","template--19956369260889__2b6792fd-1842-418d-9475-c5464196ff2e-item-2","000f5dd1-1025-4671-a091-8852fe401036"],"settings":{"full_width":true,"stack_on_mobile":false,"title":"","heading_tag":"h5","text_alignment":"center","icon_spacing":"medium","background":"#f5f5f5","background_gradient":"","text_color":""}},"12bf25c0-3fe5-4a87-b9e4-2a634e911979":{"type":"featured-collection","settings":{"collection":"etui-til-strikkepinde","products":[],"full_width":true,"stack_products":false,"show_progress_bar":true,"products_count":20,"products_per_row_mobile":"2","products_per_row_desktop":5,"subheading":"","title":"Døjer du også med kaos i strikketasken?","content":"<p>Det var altid et problem for mig, at mine strikkepinde lå løse i min projekttaske. Derfor besluttede jeg mig for, at købe et etui til strikkepindene og efter - ingen kaos længere.<\/p>","link_url":"shopify:\/\/collections\/etui-til-strikkepinde","link_text":"Se alle etuier","background":"","background_gradient":"","text_color":"","heading_color":"","heading_gradient":"","product_card_background":"","product_card_text_color":""}}},"order":["main","3f3a829e-a741-4550-ae5c-76de56819419","related-products","2b6792fd-1842-418d-9475-c5464196ff2e","12bf25c0-3fe5-4a87-b9e4-2a634e911979"]}