{"sections":{"main":{"type":"main-product","blocks":{"title":{"type":"title","settings":{"heading_tag":"h2"}},"badges":{"type":"badges","disabled":true,"settings":{}},"price":{"type":"price","settings":{"show_taxes_notice":false}},"payment_terms":{"type":"payment_terms","disabled":true,"settings":{}},"separator":{"type":"separator","disabled":true,"settings":{}},"7edff1c9-1d43-47cd-8285-3003ae5dfd4e":{"type":"collapsible_text","settings":{"title":"Hvordan bruger jeg Eucalan?","content":"<p>...{{ product.metafields.custom.materiale.value }}<\/p>"}},"description":{"type":"description","disabled":true,"settings":{"collapse_content":true}},"dce7ac45-1118-4696-a333-a047cb32e1fe":{"type":"offer","settings":{"text_alignment":"start","icon_position":"aligned","icon":"picto-gift","icon_width":24,"title":"Køb en 500 ml eucalan uldsæbe og få en gratis pumpe med","content":"","background":"#eaf2ed","text_color":"#00a341"}},"variant_picker":{"type":"variant_picker","settings":{"hide_sold_out_variants":false,"stack_blocks":true,"selector_mode":"block","color_mode":"color","size_chart_page":""}},"quantity_selector":{"type":"quantity_selector","settings":{}},"buy_buttons":{"type":"buy_buttons","settings":{"show_payment_button":false,"show_gift_card_recipient":true,"atc_button_background":"","atc_button_text_color":"","payment_button_background":"","payment_button_text_color":""}},"b1b50ec6-0f22-4639-bd76-2655fef5a90b":{"type":"image","settings":{"image":"shopify:\/\/shop_images\/353736739_4946877368770202_1647023442336149072_n_6f83d1f5-aae9-48b6-a2d8-27c79e953ea9.png","alignment":"center","max_width":500}},"c67c12cb-a485-4754-a8a7-120cce27b583":{"type":"associated_products","settings":{"title":"","stack_products":false,"products_count":5,"background":"#faf9f6","text_color":"#1f479e"}}},"block_order":["title","badges","price","payment_terms","separator","7edff1c9-1d43-47cd-8285-3003ae5dfd4e","description","dce7ac45-1118-4696-a333-a047cb32e1fe","variant_picker","quantity_selector","buy_buttons","b1b50ec6-0f22-4639-bd76-2655fef5a90b","c67c12cb-a485-4754-a8a7-120cce27b583"],"settings":{"full_width":true,"show_fixed_add_to_cart":true,"desktop_media_width":45,"desktop_media_layout":"grid_highlight","mobile_media_size":"expanded","mobile_carousel_control":"floating_dots","enable_video_autoplay":false,"enable_video_looping":true,"enable_image_zoom":true,"max_image_zoom_level":3,"background":"","background_gradient":"","text_color":"","input_background":"rgba(0,0,0,0)","input_text_color":""}},"ad9a9a4a-3231-413d-9eb8-97bf080a9546":{"type":"tabs","blocks":{"0944af41-4c02-4376-a9d8-b88b8edf27fe":{"type":"tab","settings":{"title":"Produktbeskrivelse","content":"<p>{{ product.metafields.custom.produktbeskrivelse | metafield_tag }}<\/p>","page":""}},"template--19929242435929__ad9a9a4a-3231-413d-9eb8-97bf080a9546-tab-2":{"type":"tab","settings":{"title":"Forsendelse & Returnering","content":"<p><strong>Som kunde på en webshop skal forsendelse ske hurtigst muligt og returnering så nemt som muligt.<\/strong><\/p><p>Hos Den Lille Garnbiks håndtere vi som standard din bestilling inden for 24 timer hvorefter vi udleverer din pakke til valgte fragtmand. Vi anbefaler GLS, da vi har de bedste erfaringer med dem. <\/p><p>Fra du gennemfører din bestilling til du modtager din pakke går der mellem 1-3 dage. <\/p><p>Fortryder du din bestilling er du altid velkommen til at returnere din bestilling. For nem returnering henviser vi til vores returformular <a href=\"\/policies\/refund-policy\" target=\"_blank\" title=\"Refund Policy\">her<\/a><\/p>","page":""}},"template--19929242435929__ad9a9a4a-3231-413d-9eb8-97bf080a9546-tab-3":{"type":"tab","settings":{"title":"Betaling","content":"<p>Når du har færdiggjort din kurv, kan du nemt og sikkert gennemføre din bestilling. Du kan både vælge at betale med VISA, Mastercard, Dankort, Apple Pay og <strong>Mobilepay<\/strong>. <\/p><p>Uanset hvilken løsning du foretrækker til betaling, trækker vi først beløbet når vi har afsendt din bestilling. Ønsker du at læse om vores handelsbetingelser, kan du læse mere <a href=\"\/policies\/terms-of-service\" target=\"_blank\" title=\"Terms of Service\">her<\/a><\/p>","page":""}}},"block_order":["0944af41-4c02-4376-a9d8-b88b8edf27fe","template--19929242435929__ad9a9a4a-3231-413d-9eb8-97bf080a9546-tab-2","template--19929242435929__ad9a9a4a-3231-413d-9eb8-97bf080a9546-tab-3"],"settings":{"full_width":true,"content_size":"large","subheading":"","title":"","first_tab_open":false,"background":"","background_gradient":"","text_color":"","heading_color":"","heading_gradient":""}},"b5eb110d-09f2-4781-85d2-d85bf4b8d9bc":{"type":"multi-column","blocks":{"template--19929242435929__b5eb110d-09f2-4781-85d2-d85bf4b8d9bc-item-1":{"type":"item","settings":{"column_size":"3","title":"","heading_tag":"h4","content":"<p>\"Eucalan er en skyllefri formel, der frigiver snavs og partikler fra fibrene og ned i vandet. Dette gør det velegnet til behandling af selv de mest udfordrende og sarte genstande.\"<\/p>","link_url":"","link_text":"","link_style":"link"}},"template--19929242435929__b5eb110d-09f2-4781-85d2-d85bf4b8d9bc-item-2":{"type":"item","settings":{"image":"shopify:\/\/shop_images\/Group_99.webp","column_size":"1.5","title":"","heading_tag":"h4","content":"","link_url":"","link_text":"","link_style":"link"}},"template--19929242435929__b5eb110d-09f2-4781-85d2-d85bf4b8d9bc-item-3":{"type":"item","settings":{"column_size":"2","title":"\"Strik med kærlighed, plej med omhu.\"","heading_tag":"h3","content":"<p>Eucalan er en skyllefri vask, der skånsomt fjerner snavs uden behov for en sidste skylning. Lanolin styrker og plejer tøjfibrene, hvilket især er godt for uld og strik.<\/p>","link_url":"","link_text":"","link_style":"link"}},"69226c37-da71-41cd-8ebc-2d537233fb96":{"type":"item","settings":{"image":"shopify:\/\/shop_images\/Group_151.webp","column_size":"2","title":"","heading_tag":"h4","content":"","link_url":"","link_text":"","link_style":"link"}}},"block_order":["template--19929242435929__b5eb110d-09f2-4781-85d2-d85bf4b8d9bc-item-1","template--19929242435929__b5eb110d-09f2-4781-85d2-d85bf4b8d9bc-item-2","template--19929242435929__b5eb110d-09f2-4781-85d2-d85bf4b8d9bc-item-3","69226c37-da71-41cd-8ebc-2d537233fb96"],"settings":{"full_width":true,"stack_on_mobile":true,"gap":"small","text_alignment":"start","subheading":"","title":"Eucalan Uldsæbe: Vask & Pleje Af Dit Strikketøj","content":"","background":"","background_gradient":"","text_color":""}},"bd6fe197-184c-417a-9412-10249e3b4e7b":{"type":"featured-product","blocks":{"template--19929242435929__bd6fe197-184c-417a-9412-10249e3b4e7b-title-1":{"type":"title","settings":{"heading_tag":"h2"}},"template--19929242435929__bd6fe197-184c-417a-9412-10249e3b4e7b-price-1":{"type":"price","settings":{"show_taxes_notice":false}},"template--19929242435929__bd6fe197-184c-417a-9412-10249e3b4e7b-separator-1":{"type":"separator","settings":{}},"template--19929242435929__bd6fe197-184c-417a-9412-10249e3b4e7b-variant_picker-1":{"type":"variant_picker","settings":{"hide_sold_out_variants":false,"stack_blocks":true,"selector_mode":"block","color_mode":"color","size_chart_page":""}},"template--19929242435929__bd6fe197-184c-417a-9412-10249e3b4e7b-quantity_selector-1":{"type":"quantity_selector","settings":{}},"template--19929242435929__bd6fe197-184c-417a-9412-10249e3b4e7b-buy_buttons-1":{"type":"buy_buttons","settings":{"show_payment_button":false,"show_gift_card_recipient":true,"atc_button_background":"","atc_button_text_color":"","payment_button_background":"","payment_button_text_color":""}},"c9de4843-c5be-4a65-887a-e695450e0de1":{"type":"offer","settings":{"text_alignment":"start","icon_position":"aligned","icon":"picto-gift","icon_width":24,"title":"Køb en 500 ml eucalan uldsæbe og få en gratis pumpe med","content":"","background":"#eaf2ed","text_color":"#00a341"}}},"block_order":["template--19929242435929__bd6fe197-184c-417a-9412-10249e3b4e7b-title-1","template--19929242435929__bd6fe197-184c-417a-9412-10249e3b4e7b-price-1","template--19929242435929__bd6fe197-184c-417a-9412-10249e3b4e7b-separator-1","template--19929242435929__bd6fe197-184c-417a-9412-10249e3b4e7b-variant_picker-1","template--19929242435929__bd6fe197-184c-417a-9412-10249e3b4e7b-quantity_selector-1","template--19929242435929__bd6fe197-184c-417a-9412-10249e3b4e7b-buy_buttons-1","c9de4843-c5be-4a65-887a-e695450e0de1"],"settings":{"full_width":false,"product":"{{ product }}","desktop_media_width":45,"desktop_media_layout":"grid_highlight","mobile_media_size":"expanded","mobile_carousel_control":"floating_dots","enable_video_autoplay":true,"enable_video_looping":false,"enable_image_zoom":true,"max_image_zoom_level":3,"background":"","background_gradient":"","text_color":"","input_background":"rgba(0,0,0,0)","input_text_color":""}},"301dbfe6-f004-4df6-af41-e412b39e0a66":{"type":"featured-collection","settings":{"collection":"","products":["eucalan-uldsaebe-eucalyptus","eucalan-uldsaebe-grape-1","eucalan-uldsaebe-jasmin","eucalan-uldsaebe-lavendel","eucalan-uldsaebe-neutral"],"full_width":true,"stack_products":false,"show_progress_bar":false,"products_count":6,"products_per_row_mobile":"2","products_per_row_desktop":3,"subheading":"","title":"Er du mere til en af de andre dufte?","content":"","link_url":"","link_text":"Se alle","background":"","background_gradient":"","text_color":"","heading_color":"","heading_gradient":"","product_card_background":"","product_card_text_color":""}},"dd8cfb5b-4ee1-45cc-ad99-2732f6e62968":{"type":"faq","blocks":{"template--19929597051225__dd8cfb5b-4ee1-45cc-ad99-2732f6e62968-item-1":{"type":"item","settings":{"title":"Hvad er holdbarheden af Eucalan-produkterne?","content":"<ul><li>Eucalan har en holdbarhed på mindst 10 år, afhængigt af hvordan det opbevares.<\/li><\/ul>"}},"template--19929597051225__dd8cfb5b-4ee1-45cc-ad99-2732f6e62968-item-2":{"type":"item","settings":{"title":"Hvorfor anbefaler Eucalan ikke at skylde sæben ud?","content":"<ul><li>Eucalan skummer ikke meget, og formlen kræver ikke skylning.<\/li><\/ul><p><\/p><ul><li>Med uld hjælper mindre håndtering, mens det er vådt, med at undgå sammenfiltning og krympning. Temperaturændringer fra vaskevand til skyllevand forårsager krympning i uld.<\/li><\/ul><p><\/p><ul><li>Ingen skylning sikrer, at noget eucalyptus- eller lavendelaroma (for at hæmme møl) forbliver i stoffet.<\/li><\/ul>"}},"template--19929597051225__dd8cfb5b-4ee1-45cc-ad99-2732f6e62968-item-3":{"type":"item","settings":{"title":"Hvor meget Eucalan skal jeg tilføje ved brug?","content":"<ul><li>Tilsæt 5 ml\/1 tsk. Eucalan pr. 4 liter\/1 gallon vand. Mere Eucalan kan tilsættes til stærkt snavsede genstande.<\/li><\/ul>"}},"5ccda9c3-9282-4942-93dc-a535a204fc22":{"type":"item","settings":{"title":"Hvad er lanolin?","content":"<ul><li>Lanolin er en olie, der udvindes fra fårets uld ved at køre det gennem en centrifugemaskine. Maskinen adskiller olien fra andre kemikalier og affald. Processen udføres efter, at fåret er blevet klippet, så udvindingen af lanolin skader ikke fåret.<\/li><\/ul><p><\/p><ul><li>Lanolin er meget kompatibelt med vores egen hudolie, mere end vegetabilske og mineralske olier.<\/li><\/ul>"}}},"block_order":["template--19929597051225__dd8cfb5b-4ee1-45cc-ad99-2732f6e62968-item-1","template--19929597051225__dd8cfb5b-4ee1-45cc-ad99-2732f6e62968-item-2","template--19929597051225__dd8cfb5b-4ee1-45cc-ad99-2732f6e62968-item-3","5ccda9c3-9282-4942-93dc-a535a204fc22"],"settings":{"full_width":true,"subheading":"","title":"FAQ: Eucalan uldsæbe - Vask & pleje af dit strikketøj","content":"","team_avatar_width":160,"support_hours":"","answer_time":"","button_text":"","button_url":"","text_position":"start","background":"","background_gradient":"","text_color":"","heading_color":"","heading_gradient":"","button_background":"","button_text_color":"","accordion_background":"","accordion_text_color":""}}},"order":["main","ad9a9a4a-3231-413d-9eb8-97bf080a9546","b5eb110d-09f2-4781-85d2-d85bf4b8d9bc","bd6fe197-184c-417a-9412-10249e3b4e7b","301dbfe6-f004-4df6-af41-e412b39e0a66","dd8cfb5b-4ee1-45cc-ad99-2732f6e62968"]}