{"sections":{"main":{"type":"main-product","blocks":{"title":{"type":"title","settings":{"heading_tag":"h2"}},"badges":{"type":"badges","settings":{}},"price":{"type":"price","settings":{"show_taxes_notice":false}},"description":{"type":"description","settings":{"collapse_content":true}},"763ce7dc-711f-4b25-8585-ef48d4268a56":{"type":"collapsible_text","settings":{"title":"Materiale","content":"<p>{{ product.metafields.custom.produkt_collapsible_text_materiale_vejledning_etc_ | metafield_tag }}<\/p>"}},"22fa98c9-4a88-4423-bb61-d5cbe5abf57a":{"type":"pickup_availability","disabled":true,"settings":{}},"payment_terms":{"type":"payment_terms","settings":{}},"variant_picker":{"type":"variant_picker","settings":{"hide_sold_out_variants":false,"stack_blocks":true,"selector_mode":"block","color_mode":"variant","size_chart_page":""}},"5282e94e-8519-48cd-ac93-bb0e088335d1":{"type":"inventory","disabled":true,"settings":{"low_inventory_threshold":10}},"quantity_selector":{"type":"quantity_selector","settings":{}},"buy_buttons":{"type":"buy_buttons","settings":{"show_payment_button":false,"show_gift_card_recipient":true,"atc_button_background":"","atc_button_text_color":"","payment_button_background":"","payment_button_text_color":""}},"753dfa66-aa1b-4167-8ec0-4b188a915a96":{"type":"image","settings":{"image":"shopify:\/\/shop_images\/353736739_4946877368770202_1647023442336149072_n_6f83d1f5-aae9-48b6-a2d8-27c79e953ea9.png","alignment":"center","max_width":500}},"c67c12cb-a485-4754-a8a7-120cce27b583":{"type":"associated_products","settings":{"title":"Småt, men godt - tilføj til din bestilling","stack_products":false,"products_count":5,"background":"","text_color":""}}},"block_order":["title","badges","price","description","763ce7dc-711f-4b25-8585-ef48d4268a56","22fa98c9-4a88-4423-bb61-d5cbe5abf57a","payment_terms","variant_picker","5282e94e-8519-48cd-ac93-bb0e088335d1","quantity_selector","buy_buttons","753dfa66-aa1b-4167-8ec0-4b188a915a96","c67c12cb-a485-4754-a8a7-120cce27b583"],"settings":{"full_width":true,"show_fixed_add_to_cart":true,"desktop_media_width":45,"desktop_media_layout":"carousel_thumbnails_left","mobile_media_size":"contained","mobile_carousel_control":"floating_dots","enable_video_autoplay":false,"enable_video_looping":true,"enable_image_zoom":true,"max_image_zoom_level":3,"background":"","background_gradient":"","text_color":"","input_background":"rgba(0,0,0,0)","input_text_color":""}},"580fe335-7936-4525-994e-faf41eeef82e":{"type":"tabs","blocks":{"dead2a27-f96e-4513-a24d-241a421422c0":{"type":"tab","settings":{"title":"Produktbeskrivelse","content":"<p>{{ product.metafields.custom.produktbeskrivelse | metafield_tag }}<\/p>","page":""}},"template--19925692350809__580fe335-7936-4525-994e-faf41eeef82e-tab-2":{"type":"tab","settings":{"title":"Vask & Pleje","content":"<p>{{ product.metafields.my_fields.vaskeanvisning.value }}<\/p>","page":""}},"template--19925692350809__580fe335-7936-4525-994e-faf41eeef82e-tab-3":{"type":"tab","settings":{"title":"Forsendelse & Returnering","content":"<p><strong>Som kunde på en webshop skal forsendelse ske hurtigst muligt og returnering så nemt som muligt.<\/strong><\/p><p>Hos Den Lille Garnbiks håndtere vi som standard din bestilling inden for 24 timer hvorefter vi udleverer din pakke til valgte fragtmand. Vi anbefaler GLS, da vi har de bedste erfaringer med dem. <\/p><p>Fra du gennemfører din bestilling til du modtager din pakke går der mellem 1-3 dage. <\/p><p>Fortryder du din bestilling er du altid velkommen til at returnere din bestilling. For nem returnering henviser vi til vores returformular <a href=\"\/policies\/refund-policy\"><span style=\"text-decoration:underline\">her<\/span><\/a><\/p>","page":""}},"1db10be5-10cd-4312-8a18-fea9e64e3a44":{"type":"tab","settings":{"title":"Betaling","content":"<p>Når du har færdiggjort din kurv, kan du nemt og sikkert gennemføre din bestilling. Du kan både vælge at betale med VISA, Mastercard, Dankort, Apple Pay og <strong>Mobilepay<\/strong>. <\/p><p>Uanset hvilken løsning du foretrækker til betaling, trækker vi først beløbet når vi har afsendt din bestilling. Ønsker du at læse om vores handelsbetingelser, kan du læse mere <a href=\"\/policies\/terms-of-service\">her<\/a><\/p>","page":""}}},"block_order":["dead2a27-f96e-4513-a24d-241a421422c0","template--19925692350809__580fe335-7936-4525-994e-faf41eeef82e-tab-2","template--19925692350809__580fe335-7936-4525-994e-faf41eeef82e-tab-3","1db10be5-10cd-4312-8a18-fea9e64e3a44"],"settings":{"full_width":true,"content_size":"large","subheading":"","title":"","first_tab_open":false,"background":"","background_gradient":"","text_color":"","heading_color":"","heading_gradient":""}},"d0da42e2-9f8d-4ff8-ab48-5a23379d7396":{"type":"feature-chart","blocks":{"template--19925692350809__d0da42e2-9f8d-4ff8-ab48-5a23379d7396-headings-1":{"type":"headings","settings":{"heading_1":"Garnmærke","heading_2":"Strikkefasthed","heading_3":"Vægt pr. garnnøgle","heading_4":"Løbelængde","heading_5":"Pindestørrelse","heading_6":"","heading_7":"","heading_8":"","heading_9":"","heading_10":"","heading_11":"","heading_12":"","heading_13":"","heading_14":"","heading_15":"","heading_16":"","heading_17":"","heading_18":"","heading_19":"","heading_20":""}},"template--19925692350809__d0da42e2-9f8d-4ff8-ab48-5a23379d7396-values-1":{"type":"values","settings":{"product":"","value_1":"<p>{{ block.settings.product.metafields.my_fields.garnm_rke.value }}.<\/p>","value_2":"<p>{{ block.settings.product.metafields.my_fields.strikkefasthed.value }}Yes <\/p>","value_3":"<p>{{ block.settings.product.metafields.my_fields.v_gt.value }}No<\/p>","value_4":"<p>{{ block.settings.product.metafields.my_fields.l_bel_ngde.value }}No<\/p>","value_5":"<p>{{ block.settings.product.metafields.my_fields.pindest_ttelse.value }}..<\/p>","value_6":"","value_7":"","value_8":"","value_9":"","value_10":"","value_11":"","value_12":"","value_13":"","value_14":"","value_15":"","value_16":"","value_17":"","value_18":"","value_19":"","value_20":"","view_button_background":"#1f479e","view_button_text_color":"#faf9f6"}}},"block_order":["template--19925692350809__d0da42e2-9f8d-4ff8-ab48-5a23379d7396-headings-1","template--19925692350809__d0da42e2-9f8d-4ff8-ab48-5a23379d7396-values-1"],"disabled":true,"settings":{"full_width":false,"subheading":"","title":"","content":"<h4>Produktinformationer om {{ product.title }}<\/h4><p>Mangler du lige de sidste informationer om {{ product.metafields.my_fields.garnkvalitet.value }} kan der være, at det er dem som vi har samlet her.<\/p><p>{{ product.metafields.custom.produktbeskrivelse | metafield_tag }}<\/p>","button_text":"","button_url":"","text_position":"start","max_rows":9,"view_all_text":"","view_less_text":"","view_product":"{{ product.title }}","viewing_product":"","show_product_swatch":true,"background":"#a8bac5","background_gradient":"","text_color":"","heading_color":"","heading_gradient":"","button_background":"","button_text_color":"","chart_background":"#faf9f6","chart_text_color":"","chart_true_false_color":""}},"1efb0ab7-a4dc-4ed5-8fb2-badfc9f13b8a":{"type":"image-link-blocks","blocks":{"template--19925692350809__1efb0ab7-a4dc-4ed5-8fb2-badfc9f13b8a-item-1":{"type":"item","settings":{"image":"{{ product.metafields.custom.garn_inspirations_billeder1.value }}","stretch_image":true,"link_text":"","link_url":"","background":"","text_color":"#ffffff","overlay_color":"#000000","overlay_opacity":0}},"template--19925692350809__1efb0ab7-a4dc-4ed5-8fb2-badfc9f13b8a-item-2":{"type":"item","settings":{"stretch_image":true,"link_text":"","link_url":"","background":"","text_color":"#ffffff","overlay_color":"#000000","overlay_opacity":0}},"template--19925692350809__1efb0ab7-a4dc-4ed5-8fb2-badfc9f13b8a-item-3":{"type":"item","settings":{"stretch_image":true,"link_text":"","link_url":"","background":"","text_color":"#ffffff","overlay_color":"#000000","overlay_opacity":0}},"template--19925692350809__1efb0ab7-a4dc-4ed5-8fb2-badfc9f13b8a-item-4":{"type":"item","settings":{"stretch_image":true,"link_text":"","link_url":"","background":"","text_color":"#ffffff","overlay_color":"#000000","overlay_opacity":0}},"ac398d70-f50f-4a0d-adf9-f26551b2b53a":{"type":"item","settings":{"stretch_image":true,"link_text":"","link_url":"","background":"","text_color":"#ffffff","overlay_color":"#000000","overlay_opacity":0}},"28dfd157-883d-4656-a680-ffe35f5e8daa":{"type":"item","settings":{"stretch_image":true,"link_text":"","link_url":"","background":"","text_color":"#ffffff","overlay_color":"#000000","overlay_opacity":0}},"4fe1279c-5c73-449e-adc1-c23bce69555f":{"type":"item","settings":{"stretch_image":true,"link_text":"","link_url":"","background":"","text_color":"#ffffff","overlay_color":"#000000","overlay_opacity":0}},"46ab8c4f-d865-45a8-b5d3-e3a714edb816":{"type":"item","settings":{"stretch_image":true,"link_text":"","link_url":"","background":"","text_color":"#ffffff","overlay_color":"#000000","overlay_opacity":0}},"e18605f2-218c-4a72-9f5a-9c255345d31d":{"type":"item","settings":{"stretch_image":true,"link_text":"","link_url":"","background":"","text_color":"#ffffff","overlay_color":"#000000","overlay_opacity":0}},"724961c1-1db1-4fe0-9694-fa50361b2fd7":{"type":"item","settings":{"stretch_image":true,"link_text":"","link_url":"","background":"","text_color":"#ffffff","overlay_color":"#000000","overlay_opacity":0}}},"block_order":["template--19925692350809__1efb0ab7-a4dc-4ed5-8fb2-badfc9f13b8a-item-1","template--19925692350809__1efb0ab7-a4dc-4ed5-8fb2-badfc9f13b8a-item-2","template--19925692350809__1efb0ab7-a4dc-4ed5-8fb2-badfc9f13b8a-item-3","template--19925692350809__1efb0ab7-a4dc-4ed5-8fb2-badfc9f13b8a-item-4","ac398d70-f50f-4a0d-adf9-f26551b2b53a","28dfd157-883d-4656-a680-ffe35f5e8daa","4fe1279c-5c73-449e-adc1-c23bce69555f","46ab8c4f-d865-45a8-b5d3-e3a714edb816","e18605f2-218c-4a72-9f5a-9c255345d31d","724961c1-1db1-4fe0-9694-fa50361b2fd7"],"disabled":true,"settings":{"full_width":true,"block_size":"large","subheading":"","title":"","content":"<h4>Jeg har samlet lidt inspiration fra strikkeprojekter strikket i {{ product.title }}<\/h4>","link_url":"","link_text":"","background":"#faf9f6","background_gradient":"","text_color":"","heading_color":"","heading_gradient":""}},"2c18b48a-59d1-4c15-a8de-be202b963854":{"type":"faq","blocks":{"template--19925692350809__2c18b48a-59d1-4c15-a8de-be202b963854-item-1":{"type":"item","settings":{"title":"Hvilket garnmærke er {{ product.metafields.my_fields.garnkvalitet.value }} fra?","content":"<p>{{ product.metafields.my_fields.garnkvalitet.value }} er produceret af {{ product.metafields.my_fields.garnm_rke.value }}.<\/p>"}},"template--19925692350809__2c18b48a-59d1-4c15-a8de-be202b963854-item-2":{"type":"item","settings":{"title":"Hvad er strikkefastheden på {{ product.metafields.my_fields.garnkvalitet.value }}?","content":"<p>Strikkefastheden på {{ product.metafields.my_fields.garnkvalitet.value }} er {{ product.metafields.my_fields.strikkefasthed.value }}<\/p>"}},"template--19925692350809__2c18b48a-59d1-4c15-a8de-be202b963854-item-3":{"type":"item","settings":{"title":"Hvor meget vejer hver garnnøgle?","content":"<p>{{ product.metafields.my_fields.v_gt.value }}<\/p>"}},"6708d289-aea8-4c67-b7ca-d1f1e12efc7a":{"type":"item","settings":{"title":"Hvad er løbelængden for {{ product.metafields.my_fields.garnkvalitet.value }}","content":"<p>{{ product.metafields.my_fields.l_bel_ngde.value }}<\/p>"}},"17c75ec6-b43f-43d4-b1db-f136f8c465dd":{"type":"item","settings":{"title":"Hvad er den anbefalede pindestørrelse for {{ product.metafields.my_fields.garnkvalitet.value }}","content":"<p>{{ product.metafields.my_fields.pindest_ttelse.value }}<\/p>"}},"e5894b11-89e6-4ea5-b138-b770f46c911e":{"type":"item","settings":{"title":"Hvem forhandler {{ product.title }}?","content":"<p>Der er mange forskellige forhandlere af {{ product.title }} i Danmark. Du kan blandt andet købe {{ product.metafields.my_fields.garnkvalitet.value }} hos Den Lille Garnbiks både i fysiske garnbutik i Aarhus og her på vores webshop.<\/p>"}}},"block_order":["template--19925692350809__2c18b48a-59d1-4c15-a8de-be202b963854-item-1","template--19925692350809__2c18b48a-59d1-4c15-a8de-be202b963854-item-2","template--19925692350809__2c18b48a-59d1-4c15-a8de-be202b963854-item-3","6708d289-aea8-4c67-b7ca-d1f1e12efc7a","17c75ec6-b43f-43d4-b1db-f136f8c465dd","e5894b11-89e6-4ea5-b138-b770f46c911e"],"settings":{"full_width":true,"subheading":"","title":"Produktinformationer om {{ product.title }}","content":"<p>Mangler du lige de sidste informationer om {{ product.metafields.my_fields.garnkvalitet.value }} kan det være, at det er dem vi har samlet her<\/p>","team_avatar_width":160,"support_hours":"","answer_time":"","button_text":"","button_url":"","text_position":"start","background":"rgba(0,0,0,0)","background_gradient":"","text_color":"","heading_color":"","heading_gradient":"","button_background":"","button_text_color":"","accordion_background":"","accordion_text_color":""}},"b6e9cf58-ee84-4a41-ba77-5e728fce135d":{"type":"text-with-icons","blocks":{"template--19925692350809__b6e9cf58-ee84-4a41-ba77-5e728fce135d-item-1":{"type":"item","settings":{"icon":"picto-coupon","custom_icon":"shopify:\/\/shop_images\/Garnkits_3.png","mobile_icon_width":120,"icon_width":120,"icon_background_type":"none","icon_background":"","icon_color":"","title":"Tilpassede garnkit til dit projekt","content":""}},"template--19925692350809__b6e9cf58-ee84-4a41-ba77-5e728fce135d-item-2":{"type":"item","settings":{"icon":"picto-coupon","custom_icon":"shopify:\/\/shop_images\/Garn_donation_9f9e747a-409b-42fc-9fce-4e2ab602185c.png","mobile_icon_width":120,"icon_width":120,"icon_background_type":"none","icon_background":"","icon_color":"","title":"Vi donerer garn til den gode sag","content":""}},"template--19925692350809__b6e9cf58-ee84-4a41-ba77-5e728fce135d-item-3":{"type":"item","settings":{"icon":"picto-coupon","custom_icon":"shopify:\/\/shop_images\/Lot_Nummer_4.png","mobile_icon_width":120,"icon_width":120,"icon_background_type":"none","icon_background":"","icon_color":"","title":"Din bestilling bliver altid dobbelt tjekket","content":""}},"fc37d582-017b-447d-9b31-d3bbcb966974":{"type":"item","settings":{"icon":"picto-coupon","custom_icon":"shopify:\/\/shop_images\/Personlig_indpakning_481efcd9-8812-4fe9-97f4-d48a16d43ec5.png","mobile_icon_width":120,"icon_width":120,"icon_background_type":"none","icon_background":"","icon_color":"","title":"Dine garnprojekter, vores glæde!","content":""}}},"block_order":["template--19925692350809__b6e9cf58-ee84-4a41-ba77-5e728fce135d-item-1","template--19925692350809__b6e9cf58-ee84-4a41-ba77-5e728fce135d-item-2","template--19925692350809__b6e9cf58-ee84-4a41-ba77-5e728fce135d-item-3","fc37d582-017b-447d-9b31-d3bbcb966974"],"settings":{"full_width":true,"stack_on_mobile":false,"title":"","heading_tag":"h5","text_alignment":"center","icon_spacing":"medium","background":"#f0eeeb","background_gradient":"","text_color":""}},"related-products":{"type":"related-products","settings":{"recommendations_count":8,"products":[],"full_width":true,"stack_products":false,"show_progress_bar":true,"products_per_row_mobile":"2","products_per_row_desktop":4,"subheading":"","title":"Søger du et alternativ til {{ product.title }}?","content":"<p>Herunder har jeg samlet nogle af de garnkvaliteter som vi har, der kan erstatte {{ product.title }}. Kontakt os endelig hvis du skal have hjælp til at finde garn til et projekt.<\/p>","background":"","background_gradient":"","text_color":"","heading_color":"","heading_gradient":"","product_card_background":"","product_card_text_color":""}},"8b79858d-d5cc-4dd9-ada9-015cf4321cfb":{"type":"rich-text","blocks":{"89fd33e4-fa6a-423c-8f7c-ffab467eac52":{"type":"subheading","settings":{"text":"Hvis ikke?"}},"template--19925692350809__8b79858d-d5cc-4dd9-ada9-015cf4321cfb-heading-1":{"type":"heading","settings":{"text":"Så vil jeg anbefale dig, at se nogle af vores garnkits","heading_tag":"h3","text_color":"","gradient":""}},"template--19925692350809__8b79858d-d5cc-4dd9-ada9-015cf4321cfb-richtext-1":{"type":"richtext","settings":{"content":"<p>I denne måned har vi særlig fokus på Chestnut Sweater fra Petiteknit, gennem vores 'Månedens Garnkit'.<\/p>"}}},"block_order":["89fd33e4-fa6a-423c-8f7c-ffab467eac52","template--19925692350809__8b79858d-d5cc-4dd9-ada9-015cf4321cfb-heading-1","template--19925692350809__8b79858d-d5cc-4dd9-ada9-015cf4321cfb-richtext-1"],"disabled":true,"settings":{"full_width":true,"content_width":"small","text_position":"center","background":"#f0eeeb","background_gradient":"","text_color":""}},"cf3cf7ed-dc82-4b64-8093-e90c16cede01":{"type":"featured-product","blocks":{"template--19925692350809__cf3cf7ed-dc82-4b64-8093-e90c16cede01-title-1":{"type":"title","settings":{"heading_tag":"h2"}},"template--19925692350809__cf3cf7ed-dc82-4b64-8093-e90c16cede01-price-1":{"type":"price","settings":{"show_taxes_notice":false}},"template--19925692350809__cf3cf7ed-dc82-4b64-8093-e90c16cede01-separator-1":{"type":"separator","settings":{}},"template--19925692350809__cf3cf7ed-dc82-4b64-8093-e90c16cede01-variant_picker-1":{"type":"variant_picker","settings":{"hide_sold_out_variants":false,"stack_blocks":true,"selector_mode":"block","color_mode":"color","size_chart_page":""}},"template--19925692350809__cf3cf7ed-dc82-4b64-8093-e90c16cede01-quantity_selector-1":{"type":"quantity_selector","disabled":true,"settings":{}},"template--19925692350809__cf3cf7ed-dc82-4b64-8093-e90c16cede01-buy_buttons-1":{"type":"buy_buttons","settings":{"show_payment_button":false,"show_gift_card_recipient":true,"atc_button_background":"","atc_button_text_color":"","payment_button_background":"","payment_button_text_color":""}}},"block_order":["template--19925692350809__cf3cf7ed-dc82-4b64-8093-e90c16cede01-title-1","template--19925692350809__cf3cf7ed-dc82-4b64-8093-e90c16cede01-price-1","template--19925692350809__cf3cf7ed-dc82-4b64-8093-e90c16cede01-separator-1","template--19925692350809__cf3cf7ed-dc82-4b64-8093-e90c16cede01-variant_picker-1","template--19925692350809__cf3cf7ed-dc82-4b64-8093-e90c16cede01-quantity_selector-1","template--19925692350809__cf3cf7ed-dc82-4b64-8093-e90c16cede01-buy_buttons-1"],"disabled":true,"settings":{"full_width":true,"product":"chestnut-sweater-garnkit","desktop_media_width":45,"desktop_media_layout":"carousel_thumbnails_left","mobile_media_size":"contained","mobile_carousel_control":"floating_dots","enable_video_autoplay":true,"enable_video_looping":false,"enable_image_zoom":true,"max_image_zoom_level":3,"background":"#f0eeeb","background_gradient":"","text_color":"","input_background":"rgba(0,0,0,0)","input_text_color":""}},"2007d738-7123-4f8a-9d35-b098756ae743":{"type":"featured-collection","settings":{"collection":"garnkits","products":[],"full_width":true,"stack_products":true,"show_progress_bar":false,"products_count":6,"products_per_row_mobile":"2","products_per_row_desktop":3,"subheading":"","title":"Alternativt kan du se nogle af vores mange andre garnkits her","content":"","link_url":"shopify:\/\/collections\/garnkits","link_text":"Se alle garnkits her","background":"#f0eeeb","background_gradient":"","text_color":"","heading_color":"","heading_gradient":"","product_card_background":"","product_card_text_color":""}}},"order":["main","580fe335-7936-4525-994e-faf41eeef82e","d0da42e2-9f8d-4ff8-ab48-5a23379d7396","1efb0ab7-a4dc-4ed5-8fb2-badfc9f13b8a","2c18b48a-59d1-4c15-a8de-be202b963854","b6e9cf58-ee84-4a41-ba77-5e728fce135d","related-products","8b79858d-d5cc-4dd9-ada9-015cf4321cfb","cf3cf7ed-dc82-4b64-8093-e90c16cede01","2007d738-7123-4f8a-9d35-b098756ae743"]}