{"current":{"section_vertical_spacing":"small","section_boxed_horizontal_spacing":"xsmall","button_border_radius":60,"input_border_radius":8,"block_border_radius":24,"block_shadow_opacity":10,"block_shadow_vertical_offset":18,"icon_style":"duo","background":"#faf9f6","text_color":"#1a1a1a","header_background":"#faf9f6","header_text_color":"#1a1a1a","footer_background":"#faf9f6","footer_text_color":"#1a1a1a","primary_button_background":"#1f479e","primary_button_text_color":"#faf9f6","secondary_button_background":"#a8bac5","secondary_button_text_color":"#faf9f6","product_card_text_color":"#1f479e","product_rating_color":"#f0c417","product_on_sale_accent":"#f83a3a","product_sold_out_badge_background":"#898080","product_primary_badge_background":"#1f479e","heading_font":"din_next_n7","heading_font_size":"large","heading_letter_spacing":-2,"text_font":"din_next_n4","text_font_size_desktop":17,"show_page_transition":true,"reduce_menu_animation":false,"heading_apparition":"split_fade","color_swatch_config":"Chocolate:CHOCOLATE.GIF\nDusty Rose:DUSTY-ROSE.GIF\nThe Hunter:THE-HUNTER.GIF\nStormy Wheater:STORMY-WHEATHER.GIF\nAutumn Leaves:AUTUMN-LEAVES.GIF\n\nwhisky:muud_whisky.PNG\nsort:muud_sort.PNG\n\nPlaid m. frynser - farve sand\/coffee\/beige\/green:Plaid_m._frynser_-_farve_sand_coffee_beige_green_1.PNG\nPlaid m. frynser - farve ecru\/brown\/honey:PLAID_M._FRYNSER_-_FARVE_ECRU_BROWN_HONEY.PNG\nPlaid m. frynser - farve black\/beige:PLAID_M._FRYNSER_-_FARVE_BLACK_BEIGE.PNG\nPlaid m. frynser - farve honey\/off white:PLAID_M._FRYNSER_-_FARVE_HONEY_OFF_WHITE.PNG\nPlaid m. frynser - farve off white\/blue:PLAID_M._FRYNSER_-_FARVE_OFF_WHITE_BLUE.PNG\nPlaid m. frynser - farve taupe\/off white:PLAID_M._FRYNSER_-_FARVE_TAUPE_OFF_WHITE.PNG\nPlaid m. frynser - farve off white\/caramel:PLAID_M._FRYNSER_-_FARVE_OFF_WHITE_CARAMEL.PNG\nPlaid m. frynser - farve dark green\/beige:PLAID_M._FRYNSER_-_FARVE_DARK_GREEN_BEIGE.PNG\nPlaid m. frynser - farve ecru\/black\/sand:PLAID_M._FRYNSER_-_FARVE_ECRU_BLACK_SAND.PNG\n\n\nRåhvid:SANDNES-TYNN-PEER-GYNT-1002.PNG\nSort:SANDNES-TYNN-PEER-GYNT-1099.PNG\nGråbeige meleret:SANDNES-TYNN-PEER-GYNT-2650.PNG\nDyb Rød:SANDNES-TYNN-PEER-GYNT-4263.PNG\nRosa:SANDNES-TYNN-PEER-GYNT-4623.PNG\nLys Lilla:SANDNES-TYNN-PEER-GYNT-5224.PNG\n\nLys gråmeleret:SANDNES-TYNN-PEER-GYNT-1042.PNG\nLys gul:SANDNES-TYNN-PEER-GYNT-2122.PNG\nNatur meleret:SANDNES-TYNN-PEER-GYNT-2641.PNG\nMellembrun meleret:SANDNES-TYNN-PEER-GYNT-2652.PNG\nSpicy Orange:SANDNES-TYNN-PEER-GYNT-3819.PNG\nMørk Chokolade Brun:SANDNES-TYNN-PEER-GYNT-3880.PNG\nMarineblå:SANDNES-TYNN-PEER-GYNT-5575.PNG\nJolly Blue:SANDNES-TYNN-PEER-GYNT-6046.PNG\nJelly Bean Green:SANDNES-TYNN-PEER-GYNT-8236.PNG\nMørk Grønmeleret:SANDNES-TYNN-PEER-GYNT-9572.PNG\n\nSUNDAY 1012 + TYNN SILK MOHAIR 1012 + DOUBLE SUNDAY 3819:1012_1012_3819.JPG\nSUNDAY 6581 + TYNN SILK MOHAIR 5581 + DOUBLE SUNDAY 1042:6581_5581_1042.JPG\nSUNDAY 2542 + TYNN SILK MOHAIR 2543 + DOUBLE SUNDAY 3880:2542_2543_3880.JPG\nSUNDAY 9062 + TYNN SILK MOHAIR 9062 + DOUBLE SUNDAY 9882:9062_9062_9882.JPG\nSUNDAY 1012 + TYNN SILK MOHAIR 1012 + DOUBLE SUNDAY 6046:1012_1012-6046.JPG\nSUNDAY 2511 + TYNN SILK MOHAIR 2511 + DOUBLE SUNDAY 3553:2511_2511_3553.JPG\n\nLANG YARN JAWOLL 0005 + BRUSHED LACE 3101:JAWOLL-_-BRUSHED-LACE-3005_3101.JPG\nLANG YARN JAWOLL 0007 + BRUSHED LACE 3002:JAWOLL-_-BRUSHED-LACE-0007_3002.JPG\nLANG YARN JAWOLL 0022 + BRUSHED LACE 3005:JAWOLL-_-BRUSHED-LACE-0022_3005.JPG\nLANG YARN JAWOLL 0045 + BRUSHED LACE 3003:JAWOLL-_-BRUSHED-LACE-3003_0045.JPG\nLANG YARN JAWOLL 0098 + BRUSHED LACE 3025:JAWOLL-_-BRUSHED-LACE-0098_3025.JPG\nLANG YARN JAWOLL 0168 + BRUSHED LACE 3041:JAWOLL-_-BRUSHED-LACE-0168_0041.JPG\nLANG YARN JAWOLL 0213 + BRUSHED LACE 3009:JAWOLL-_-BRUSHED-LACE-0213_3009.JPG\nLANG YARN JAWOLL 0339 + BRUSHED LACE 3014:JAWOLL-_-BRUSHED-LACE-0239_3014\n\nSANDNES ALPAKKA ULL 1002 HVID + SANDNES TYNN SILK MOHAIR 2511 MANDEL:ALPAKKA-ULL-_-MOHAIR-1002_2511.JPG\nSANDNES ALPAKKA ULL 1042 GRÅMELERET + SANDNES TYNN SILK MOHAIR 1022 LYS GRÅMELERET:ALPAKKA-ULL-_-MOHAIR-1042_1022.JPG\nSANDNES ALPAKKA ULL 1053 MØRK GRÅMELERET + SANDNES TYNN SILK MOHAIR 6707 STÅLGRÅ:ALPAKKA-ULL-_-MOHAIR-1053_6707.JPG\nSANDNES ALPAKKA ULL 2650 BEIGEMELERET + SANDNES TYNN SILK MOHAIR 3021 LYS BEIGE:ALPAKKA-ULL-_-MOHAIR-2650_3021.JPG\nSANDNES ALPAKKA ULL 3571 BRUN + SANDNES TYNN SILK MOHAIR 3880 MØRK CHOKOLADE:ALPAKKA-ULL-_-MOHAIR-3571_3880.JPG\nSANDNES ALPAKKA ULL 6081 MIDNATSBLÅ + SANDNES TYNN SILK MOHAIR 5581 MØRKEBLÅ:ALPAKKA-ULL-_-MOHAIR-6081_5581.JPG\nSANDNES ALPAKKA ULL 9573 MOSEGRØN + SANDNES TYNN SILK MOHAIR 8581 DYB SKOVGRØN:ALPAKKA-ULL-_-MOHAIR-9573_8551.JPG\n\nSANDNES DOUBLE SUNDAY 1012 WHIPPED CREAM + SANDNES TYNN SILK MOHAIR 1012 NATURHVID:1012_1012.JPG\nSANDNES DOUBLE SUNDAY 1099 SORT + SANDNES TYNN SILK MOHAIR 1099 SORT:\nSANDNES DOUBLE SUNDAY 2511 ALMOND + SANDNES TYNN SILK MOHAIR 2511 MANDEL:2511_2511.JPG\nSANDNES DOUBLE SUNDAY 2542 CAMEL + SANDNES TYNN SILK MOHAIR 2543 BRUNT SUKKER:2542-_-2543.JPG\nSANDNES DOUBLE SUNDAY 3161 AGERN + SANDNES TYNN SILK MOHAIR 3161 AGERN BRUN:3161_3161.JPG\nSANDNES DOUBLE SUNDAY 3521 BALLET SHOES + SANDNES TYNN SILK MOHAIR 3511 PUDDER ROSA:3521_3511.JPG\nSANDNES DOUBLE SUNDAY 3819 FEEL THAT ORANGE + SANDNES TYNN SILK MOHAIR 3818 ORANGE:3819_3819.JPG\nSANDNES DOUBLE SUNDAY 3821 KARDEMOMME + SANDNES TYNN SILK MOHAIR 3021 LYS BEIGE:3821_3021.JPG\nSANDNES DOUBLE SUNDAY 5581 SAILOR IN THE DARK + SANDNES TYNN SILK MOHAIR 5581 MØRKEBLÅ:6081-_-5581.JPG\nSANDNES DOUBLE SUNDAY 5930 PALE BLUE + SANDNES TYNN SILK MOHAIR 6012 LYS BLÅ:5930-_-6012.JPG\nSANDNES DOUBLE SUNDAY 6046 ELECTRIC BLUE + SANDNES TYNN SILK MOHAIR 6046 JOLLY BLUE:6046_6046.JPG\nSANDNES DOUBLE SUNDAY 8051 EUCULYPTUS + SANDNES TYNN SILK MOHAIR 8521 STØVET LYS GRØN:8051_8521.JPG\nSANDNES DOUBLE SUNDAY 8236 STATEMENT GREEN + SANDNES TYNN SILK MOHAIR 8236 JELLY BEAN GREEN:8236_8236.JPG\n\nSANDNES SUNDAY 2650 BEIGEMELERET + SANDNES SUNDAY 3554 RUST:2650-_-3554.JPG\nSANDNES SUNDAY 2542 CAMEL + SANDNES SUNDAY 3554 RUST:2542-_-3554.JPG\nSANDNES SUNDAY 2511 MANDEL + SANDNES SUNDAY 3554 RUST:2511-_-3554.JPG\nSANDNES SUNDAY 1042 GRÅMELERET + SANDNES SUNDAY 3554 RUST:1042-_-3554.JPG\n\nLykke Jumper - Brun:BRUN.JPG\nLykke Jumper - Gul:GUL.JPG\nLykke Jumper - Beige:BEIGE.JPG\nLykke Jumper - Tyggegummi:TYGGEGUMMI.JPG\nLykke Jumper - Lyserød:LYSERØD.JPG\nLykke Jumper - Orange:ORANGE.JPG\nLykke Jumper - Lilla:LILLA.JPG\nLykke Jumper - Pink:PINK.JPG\n\nSANDNES PEER GYNT 1012 + SANDNES TYNN SILK MOHAIR 1012:PEER-GYNT-1012-_-TYNN-SILK-1012.PNG\nSANDNES PEER GYNT 1032 + SANDNES TYNN SILK MOHAIR 1022:PEER-GYNT-1032-_-TYNN-SILK-1022.PNG\nSANDNES PEER GYNT 1053 + SANDNES TYNN SILK MOHAIR 6707:PEER-GYNT-1053-_-TYNN-SILK-6707.PNG\nSANDNES PEER GYNT 1088 + SANDNES TYNN SILK MOHAIR 1099:PEER-GYNT-1088-_-TYNN-SILK-1099.PNG\nSANDNES PEER GYNT 2122 + SANDNES TYNN SILK MOHAIR 2101:PEER-GYNT-2122-_-TYNN-SILK-2101.PNG\nSANDNES PEER GYNT 2321 + SANDNES TYNN SILK MOHAIR 3021:PEER-GYNT-2321-_-TYNN-SIL-3021.PNG\nSANDNES PEER GYNT 2523 TWEED + SANDNES TYNN SILK MOHAIR 2511:PEER-GYNT-2523-_-TYNN-SILK-2511.PNG\nSANDNES PEER GYNT 2564 + SANDNES TYNN SILK MOHAIR 2755:PEER-GYNT-2564-_-TYNN-SILK-2755.PNG\nSANDNES PEER GYNT 2572 + SANDNES TYNN SILK MOHAIR 3072:PEER-GYNT-2572-_-TYNN-SILK-3072.PNG\nSANDNES PEER GYNT 3021 + SANDNES TYNN SILK MOHAIR 2543:PEER-GYNT-3021-_-TYNN-SILK-2543.PNG\nSANDNES PEER GYNT 3082 + SANDNES TYNN SILK MOHAIR 3880:PEER-GYNT-3082-_-TYNN-SILK-3880.PNG\nSANDNES PEER GYNT 3161 + SANDNES TYNN SILK MOHAIR 3161:PEER-GYNT-3161-_-TYNN-SILK-3161.PNG\nSANDNES PEER GYNT 4023 + SANDNES TYNN SILK MOHAIR 4244:PEER-GYNT-4023-_-TYNN-SILK-3511.PNG\nSANDNES PEER GYNT 5575 + SANDNES TYNN SILK MOHAIR 5581:PEER-GYNT-5575-_-TYNN-SILK-5581.PNG\nSANDNES PEER GYNT 6046 + SANDNES TYNN SILK MOHAIR 6046:PEER-GYNT-6046-_-TYNN-SILK-6046.PNG\nSANDNES PEER GYNT 6072 + SANDNES TYNN SILK MOHAIR 6081:PEER-GYNT-6072-_-TYNN-SILK-6081.PNG\nSANDNES PEER GYNT 6324 + SANDNES TYNN SILK MOHAIR 6042:PEER-GYNT-6324-_-TYNN-SILK-6042.PNG\nSANDNES PEER GYNT 8082 + SANDNES TYNN SILK MOHAIR 8581:PEER-GYNT-8082-_-TYNN-SILK-8581.PNG\nSANDNES PEER GYNT 8236 + SANDNES TYNN SILK MOHAIR 8236:PEER-GYNT-8236-_-8236.PNG\nSANDNES PEER GYNT 2652 + SANDNES TYNN SILK MOHAIR 3880:PEER-GYNT-2652-_-TYNN-SILK-3880.PNG\nSANDNES PEER GYNT 9572 + SANDNES TYNN SILK MOHAIR 8581:PEER-GYNT-9572-_-TYNN-SILK-8581.PNG\n\nSANDNES SUNDAY 1042 GRÅMELERET + SANDNES TYNN SILK MOHAIR 1022 LYS GRÅMELERET:1042-_-1022.PNG\nSANDNES SUNDAY 1099 SORT + SANDNES TYNN SILK MOHAIR 1099 SORT:1099-_-1099.PNG\nSANDNES SUNDAY 2542 CAMEL + SANDNES TYNN SILK MOHAIR 2543 BRUNT SUKKER:2542-_-2543.PNG\nSANDNES SUNDAY 2650 BEIGEMELERET + SANDNES TYNN SILK MOHAIR 3021 LYS BEIGE:2650-_-3021.PNG\nSANDNES SUNDAY 3072 MØRKEBRUN + SANDNES TYNN SILK MOHAIR 3072 MØRK BRUN:3072-_-3072.PNG\nSANDNES SUNDAY 3553 DUSTY ROUGE + SANDNES TYNN SILK MOHAIR 3553 STØVET BLOMMEROSA:3553-_-3553.PNG\nSANDNES SUNDAY 3554 RUST + SANDNES TYNN SILK MOHAIR 3554 RUST:3554-_-3554.PNG\nSANDNES SUNDAY 3819 FEEL THAT ORANGE + SANDNES TYNN SILK MOHAIR 3818 ORANGE:3819-_-3818.PNG\nSANDNES SUNDAY 3880 MØRK CHOKOLADE + SANDNES TYNN SILK MOHAIR 3880 MØRK CHOKOLADE:3880-_-3880.PNG\nSANDNES SUNDAY 4631 STØVET LILLA + SANDNES TYNN SILK MOHAIR 4631 STØVET SYRIN:4631-_-4631.PNG\nSANDNES SUNDAY 6046 ELECTRIC BLUE + SANDNES TYNN SILK MOHAIR 6046 JOLLY BLUE:6046-_-6046.PNG\nSANDNES SUNDAY 6501 ISBLÅ + SANDNES TYNN SILK MOHAIR 6552 ISBLÅ:6501-_-6552.PNG\nSANDNES SUNDAY 6581 MØRK GRÅBLÅ + SANDNES TYNN SILK MOHAIR 1099 SORT:6581-_-1099.PNG\nSANDNES SUNDAY 8082 SKOVGRØN + SANDNES TYNN SILK MOHAIR 8581 DYB SKOVGRØN:8082-_-8082.PNG\nSANDNES SUNDAY 8521 STØVET LYS GRØN + SANDNES TYNN SILK MOHAIR 8521 STØVET LYS GRØN:8521-_-8521.PNG\nSANDNES SUNDAY 2114 BANANA + SANDNES TYNN SILK MOHAIR 2101 LYS GUL:2114-_-2101.PNG\nSANDNES SUNDAY 2345 CROISSANT + SANDNES TYNN SILK MOHAIR 2755 GYLDENBRUN:2345-_-2755.PNG\nSANDNES SUNDAY 2511 MANDEL + SANDNES TYNN SILK MOHAIR 2511 MANDEL:2511-_-2511.PNG\nSANDNES SUNDAY 3161 AGERN + SANDNES TYNN SILK MOHAIR 3161 AGERN BRUN:3161-_-3161.PNG\nSANDNES SUNDAY 3511 PUDDER ROSA + SANDNES TYNN SILK MOHAIR 3511 PUDDER ROSA:3511-_-3511.PNG\nSANDNES SUNDAY 4313 FROZEN YOGHURT + SANDNES TYNN SILK MOHAIR 4244 MØRK GAMMELROSA:4313-_-4244.PNG\nSANDNES SUNDAY 6012 DIAMOND BLUE + SANDNES TYNN SILK MOHAIR 6012 LYS BLÅ:\nSANDNES SUNDAY 6707 STÅLGRÅ + SANDNES TYNN SILK MOHAIR 6707 STÅLGRÅ:6706-_-6707.PNG\nSANDNES SUNDAY 8236 STATEMENT GREEN + SANDNES TYNN SILK MOHAIR 8236 JELLY BEAN GREEN:8236-_-8236.PNG\n\n\nLANG YARN MERINO 120 FARVE 0035 + BRUSHED LACE 3002:MERINO-120-0035-_-BRUSHED-LACE-3002.PNG\nLANG YARN MERINO 120 FARVE 0049 + BRUSHED LACE 3009:MERINO-120-0049-_-BRUSHED-LACE-3009.PNG\nLANG YARN MERINO 120 FARVE 0126 + BRUSHED LACE 3041:MERINO-120-0126-_-BRUSHED-LACE-3041.PNG\nLANG YARN MERINO 120 FARVE 0223 + BRUSHED LACE 3101:MERINO-120-0223-_-BRUSHED-LACE-3101.PNG\nLANG YARN MERINO 120 FARVE 0223 + BRUSHED LACE 3005:MERINO-120-0223-_-BRUSHED-LACE-3005.PNG\nLANG YARN MERINO 120 FARVE 0270 + BRUSHED LACE 3101:MERINO-120-0270-_-BRUSHED-LACE-3101.PNG\nLANG YARN MERINO 120 FARVE 0287 + BRUSHED LACE 3022:MERINO-120-_-0287-_-BRUSHED-LACE-3022.PNG\nLANG YARN MERINO 120 FARVE 0397 + BRUSHED LACE 3028:MERINO-120-0397-_-BRUSHED-LACE-3028.PNG\nLANG YARN MERINO 120 FARVE 0498 + BRUSHED LACE 3025:MERINO-120-0498-_-BRUSHED-LACE-3025.PNG\nLANG YARN MERINO 120 FARVE 0539 + BRUSHED LACE 3003:MERINO-120-0539-_-BRUSHED-LACE-3003.PNG\n\n\nBanana:banana.PNG\nCoconut milk:hvid_Coconut_milk.PNG\nElectruc blue:Electric.PNG\nGreen:Green.PNG\nKhaki:Khaki.PNG\nNavy:Navy.PNG\nOrange:Orange.PNG\nOrchid:Orchid.PNG\nWarm taupe:Taupe.PNG\nBlue grey:Blue_Grey.PNG\nLys grå - Marble sweater:SKAERMBILLEDE_2022-09-01_KL._19.48.41.PNG\nGrøn - Marble sweater:SKAERMBILLEDE_2022-09-01_KL._19.53.24.PNG\nBrun - Marble sweater:SKAERMBILLEDE_2022-09-01_KL._19.53.12.PNG\nBlå - Marble sweater:SKAERMBILLEDE_2022-09-01_KL._19.52.42.PNG\nBeige - Marble sweater:SKAERMBILLEDE_2022-09-01_KL._19.52.58.PNG\n\nNoro Silk Garden Sock Solo - Farve S4:NORO-GROEN.PNG\nNoro Silk Garden Sock Solo - Farve S5:NORO-BRUN.PNG\nNoro Silk Garden Sock Solo - Farve S53:GYLDEN.PNG\nNoro Silk Garden Sock Solo - Farve S60:NORO-BLAA.PNG\nNoro Silk Garden Sock Solo - Farve T81:NORO-LILLA-CLOSE-UP.PNG\nNoro Silk Garden Sock Sole - Farve T10:NORO-T10-CLOSE-UP.PNG\n\nNoro Silk Garden Sock Solo - Farve S4 + Sandnes Tynn Silk Mohair 8581 Dyb Skovgrøn:GROEN-NORO.PNG\nNoro Silk Garden Sock Solo - Farve S5 + Sandnes Tynn Silk Mohair 3072 Mørk Brun:BRUN-NORO.PNG\nNoro Silk Garden Sock Solo - Farve S53 + Sandnes Tynn Silk Mohair 2543 Brunt Sukker:GYLDEN-NORO.PNG\nNoro Silk Garden Sock Solo - Farve S60 + Sandnes Tynn Silk Mohair 6552 Isblå:BLAA-NORO.PNG\nNoro Silk Garden Sock Solo - Farve T81 + Sandnes Tynn Silk Mohair 4631 Støvet Syren:LILLA-NORO.PNG\n\n\nBrushed Lace 3000 Hvid:CLOSE-UP-BRUSHED-LACE-3000.PNG\nBrushed Lace 3002 Blå Skygge:BRUSHED-LACE-3002-CLOSE-UP.PNG\nBrushed Lace 3003 Bark:CLOSE-UP-BRUSHED-LACE-3003.PNG\nBrushed Lace 3005 Sand:CLOSE-UP-BRUSHED-LACE-3005.PNG\nBrushed Lace 3008 Khaki:CLOSE-UP-BRUSHED-LACE-3008.JPG\nBrushed Lace 3009 Ranunkel Gul:CLOSE-UP-BRUSHED-LACE-3009.PNG\nBrushed Lace 3010 Piratsort:CLOSE-UP-BRUSHED-LACE-3010.JPG\nBrushed Lace 3011 Magnolia:CLOSE-UP-BRUSHED-LACE-3011.PNG\nBrushed Lace 3012 Isblå:CLOSE-UP-BRUSHED-LACE-3012.JPG\nBrushed Lace 3013 Granatæble:CLOSE-UP-BRUSHED-LACE-3013.PNG\nBrushed Lace 3014 Karamel:CLOSE-UP-BRUSHED-LACE-3014.JPG\nBrushed Lace 3018 Dyb blå:CLOSE-UP-BRUSHED-LACE-3018.JPG\nBrushed Lace 3020 Fersken:CLOSE-UP-BRUSHED-LACE-3020.JPG\nBrushed Lace 3022 Rustik rosa:CLOSE-UP-BRUSHED-LACE-3022.PNG\nBrushed Lace 3023 Tegrøn:CLOSE-UP-BRUSHED-LACE-3023.JPG\nBrushed Lace 3024 Sandstone:BRUSHED-LACE-3024-CLOSE-UP.PNG\nBrushed Lace 3025 Flaskegrøn:CLOSE-UP-BRUSHED-LACE-3025.PNG\nBrushed Lace 3028 Oliven:CLOSE-UP-BRUSHED-LACE-3028.PNG\nBrushed Lace 3036 Sort:CLOSE-UP-BRUSHED-LACE-3036.JPG\nBrushed Lace 3039 Mango:CLOSE-UP-BRUSHED-LACE-3039-MANGO.PNG\nBrushed Lace 3041 Kaffe:CLOSE-UP-BRUSHED-LACE-3041.PNG\nBrushed Lace 3101 Sten:CLOSE-UP-BRUSHED-LACE-3101.PNG\n\nSandnes Alpakka 1042 Gråmeleret:SANDNES-ALPAKKA-1042.JPG\nSandnes Alpakka 3354 Rust:SANDNES-ALPAKKA-3355.JPG\nSandnes Alpakka 4219 Rød:SANDNES-ALPAKKA-4219.JPG\n\nSandnes Alpakka Følgetråd 1015 Kitt:SANDNES-ALPAKKA-FOELGETRAAD-1015.PNG\nSandnes Alpakka Følgetråd 1032 Lys Gråmeleret:SANDNES-ALPAKKA-FOELGETRAAD-1032.PNG\nSandnes Alpakka Følgetråd 2321 Marcipan:SANDNES-ALPAKKA-FOELGETRAAD-2321.JPG\nSandnes Alpakka Følgetråd Mørk Gråblå 6581:SANDNES-ALPAKKA-FOELGETRAAD-6581.PNG\n\nSandnes Alpakka Ull 3571 Brun:Sandnes_Alpakka_Ull_3571.JPG\nSandnes Alpakka Ull 2650 Beigemeleret:Sandnes_Alpakka_Ull_2650.JPG\nSandnes Alpakka Ull 6081 Midnatsblå:Sandnes_Alpakka_Ull_6081.JPG\nSandnes Alpakka Ull 2564 Gyldenbrun:Sandnes_Alpakka_Ull_2564.JPG\nSandnes Alpakka Ull 1042 Gråmeleret:Sandnes_Alpakka_Ull_1042.JPG\nSandnes Alpakka Ull 1002 Hvid:Sandnes_Alpakka_Ull_1002.JPG\nSandnes Alpakka Ull 6531 Isblå:Sandnes_Alpakka_Ull_6531.JPG\nSandnes Alpakka Ull 9573 Mosegrøn:Sandnes_Alpakka_Ull_9573.JPG\nSandnes Alpakka Ull 4023 Gammelrosa:Sandnes_Alpakka_Ull_4023.JPG\nSandnes Alpakka Ull 3511 Pudderrosa:Sandnes_Alpakka_Ull_3511.JPG\nSandnes Alpakka Ull 1053 Mørk Gråmeleret:Sandnes_Alpakka_Ull_1053.JPG\nSandnes Alpakka Ull 1015 Kitt:Sandnes_Alpakka_Ull_1015.JPG\nSandnes Alpakka Ull 3553 Støvet Blommerosa:SANDNES-ALPAKKA-ULL-3553.JPG\nSandnes Alpakka Ull 4035 Mørk Terrakotta:SANDNES-ALPAKKA-ULL-4035.JPG\nSandnes Alpakka Ull 1088 Koksmeleret:CLOSE-UP-SANDNES-ALPAKKA-ULL-1088.PNG\nSandnes Alpakka Ull 1099 Sort:CLOSE-UP-SANDNES-ALPAKKA-ULL-1099.PNG\nSandnes Alpakka Ull 2335 Sennepsgul:CLOSE-UP-SANDNES-ALPAKKA-ULL-2335.PNG\nSandnes Alpakka Ull 2511 Mandel:CLOSE-UP-SANDNES-ALPAKKA-ULL-2511.PNG\nSandnes Alpakka Ull 2542 Camel:CLOSE-UP-SANDNES-ALPAKKA-ULL-2542.PNG\nSandnes Alpakka Ull 3161 Agern:CLOSE-UP-SANDNES-ALPAKKA-ULL-3161.PNG\nSandnes Alpakka Ull 3581 Kaffe:CLOSE-UP-SANDNES-ALPAKKA-ULL-3581.PNG\nSandnes Alpakka Ull 6032 Blå Hortensia:CLOSE-UP-SANDNES-ALPAKKA-ULL-6032.PNG\nSandnes Alpakka Ull 6052 Jeansblå:CLOSE-UP-SANDNES-ALPAKKA-ULL-6052.PNG\nSandnes Alpakka Ull 8062 Grøn Myrt:CLOSE-UP-SANDNES-ALPAKKA-ULL-8062.PNG\n\n\nSandnes Babyull Lanett 5930 Lys Blå:Sandnes_Babyull_Lanett_5930.JPG\nSandnes Babyull Lanett 4321 Gammelrosa:Sandnes_Babyull_Lanett_4321.JPG\nSandnes Babyull Lanett 8521 Støvet Lys Grøn:Sandnes_Babyull_Lanett_8521.JPG\nSandnes Babyull Lanett 2652 Mellembrun meleret:Sandnes_Babyull_Lanett_2652.JPG\nSandnes Babyull Lanett 2650 Beigemeleret:Sandnes_Babyull_Lanett_2650.JPG\nSandnes Babyull Lanett 2335 Sennepsgul:Sandnes_Babyull_Lanett_2335.JPG\nSandnes Babyull Lanett 2015 Majsgul:Sandnes_Babyull_Lanett_2015.JPG\nSandnes Babyull Lanett 1022 Lys Gråmeleret:Sandnes_Babyull_Lanett_1022.JPG\nSandnes Babyull Lanett 1012 Natur:Sandnes_Babyull_Lanett_1012.JPG\n\nSandnes Fritidsgarn 2650 Beige:Sandnes_Fritidsgarn_2650.JPG\nSandnes Fritidsgarn 2641 Natur:Sandnes_Fritidsgarn_2641.JPG\nSandnes Fritidsgarn 8571 Mørk Grøn:Sandnes_Fritidsgarn_8571.JPG\nSandnes Fritidsgarn 5575 Marineblå:Sandnes_Fritidsgarn_5575.JPG\nSandnes Fritidsgarn 1055 Mørk Gråmeleret:Sandnes_Fritidsgarn_1055.JPG\nSandnes Fritidsgarn 8260 Eucalyptus:Sandnes_Fritidsgarn_8260.JPG\nSandnes Fritidsgarn 2564 Gyldenbrun:Sandnes_Fritidsgarn_2564.JPG\nSandnes Fritidsgarn 4715 Pink:Sandnes_Fritidsgarn_4715.JPG\nSandnes Fritidsgarn 3161 Agern Brun:Sandnes_Fritidsgarn_3161.JPG\nSandnes Fritidsgarn 1042 Lys Gråmeleret:Sandnes_Fritidsgarn_1042.JPG\nSandnes Fritidsgarn 1012 Natur:Sandnes_Fritidsgarn_1012.JPG\nSandnes Fritidsgarn 1099 Sort:CLOSE-UP-SANDNES-FRITIDSGARN-1099.PNG\nSandnes Fritidsgarn 4219 Mørk Rød:CLOSE-UP-SANDNES-FRITIDSGARN-4219.PNG\nSandnes Fritidsgarn 4715 Pink:CLOSE-UP-SANDNES-FRITIDSGARN-4715.PNG\n\n\nSandnes KOS 2611 Lys Beigemeleret:Sandnes_KOS_2611.JPG\nSandnes KOS 8521 Støvet Lys Grøn:Sandnes_KOS_8521.JPG\nSandnes KOS 4631 Støvet Syrin:Sandnes_KOS_4631.JPG\nSandnes KOS 2543 Brunt Sukker:Sandnes_KOS_2543.JPG\nSandnes KOS 9071 Støvet Oliven Grøn:Sandnes_KOS_9071.JPG\nSandnes KOS 6031 Revera Blå:Sandnes_KOS_6031.JPG\nSandnes KOS 4322 Rosa:Sandnes_KOS_4322.JPG\nSandnes KOS 3511 Pudder Rosa:Sandnes_KOS_3511.JPG\nSandnes KOS 1043 Gråmeleret:Sandnes_KOS_1043.JPG\nSandnes KOS 1012 Natur:Sandnes_KOS_1012.JPG\nSandnes KOS 2310 Marcipan:SANDNES-KOS-2310.JPG\nSandnes KOS 2390 Skovbrun:SANDNES-KOS-2390.JPG\nSandnes KOS 3161 Agern Brun:SANDNES-KOS-3161.JPG\nSandnes KOS 8225 Jelly Bean Green:SANDNES-KOS-8225.JPG\nSandnes Kos4 4236 Dyb Rød:CLOSE-UP-SANDNES-KOS-4236.PNG\nSandnes Kos 4625 Magenta:CLOSE-UP-SANDNES-KOS-4625.PNG\nSandnes Kos 6064 Blåbær:CLOSE-UP-SANDNES-KOS-6064.PNG\nSandnes Kos 9052 Olivengrøn:CLOSE-UP-SANDNES-KOS-9052.PNG\n\n\n\nSandnes Line 2331 Lys Beigemeleret:Sandnes_Line_2331.JPG\nSandnes Line 8521 Støvet Lys Grøn:Sandnes_Line_8521.JPG\nSandnes Line 6531 Isblå:Sandnes_Line_6531.JPG\nSandnes Line 7521 Støvet Lys Blå:Sandnes_Line_7521.JPG\nSandnes Line 6061 Mørk Blågrå:Sandnes_Line_6061.JPG\nSandnes Line 2113 Strågul:Sandnes_Line_2113.JPG\nSandnes Line 1002 Hvid:Sandnes_Line_1002.JPG\nSandnes Line 2146 Karry:Sandnes-line-2146.JPG\nSandnes Line 2527 Okker:Sandnes-line-2527.JPG\nSandnes Line 2553 Gyldenbrun:Sandnes-line-2553.JPG\nSandnes Line 2734 Brændt Sand:Sandnes-line-2734.JPG\nSandnes Line 6554 Petroleumsblå:Sandnes-line-6554.JPG\nSandnes Line 4612 Syren:SANDNES-LINE-4612.JPG\nSandnes Line 3511 Pudder Rosa:SANDNES-LINE-3511.JPG\nSandnes Line 8561 Støvet Grøn:SANDNES-LINE-8561.JPG\nSandnes Line 3042 Café au Lait:SANDNES-LINE-3042.JPG\nSandnes Line 3009 Orange Tiger:CLOSE-UP-SANDNES-LINE-3009.PNG\nSandnes Line 3021 Beige:CLOSE-UP-SANDNES-LINE-3021.PNG\n\n\nSandnes Mandarin Petit 3011 Mandelhvid:Sandnes_Mandarin_Petit_3011.JPG\nSandnes Mandarin Petit 6030 Grå:Sandnes_Mandarin_Petit_6030.JPG\nSandnes Mandarin Petit 4622 Lys Lyng:Sandnes_Mandarin_Petit_4622.JPG\nSandnes Mandarin Petit 4323 Rosa:Sandnes_Mandarin_Petit_4323.JPG\nSandnes Mandarin Petit 3161 Agern:Sandnes_Mandarin_Petit_3161.JPG\nSandnes Mandarin Petit 2546 Løvfald:Sandnes_Mandarin_Petit_2546.JPG\nSandnes Mandarin Petit 2534 Gyldenbrun:Sandnes_Mandarin_Petit_2534.JPG\nSandnes Mandarin Petit 9463 Jeansblå:Sandnes_Mandarin_Petit_9463.JPG\nSandnes Mandarin Petit 8734 Grøn:Sandnes_Mandarin_Petit_8734.JPG\nSandnes Mandarin Petit 6073 Marineblå:Sandnes_Mandarin_Petit_6073.JPG\nSandnes Mandarin Petit 6061 Mørk Gråblå:Sandnes_Mandarin_Petit_6061.JPG\nSandnes Mandarin Petit 3511 Pudder rosa:Sandnes_Mandarin_Petit_3511.JPG\nSandnes Mandarin Petit 2524 Varm Gul:Sandnes_Mandarin_Petit_2524.JPG\nSandnes Mandarin Petit 2153 Tapenade:Sandnes_Mandarin_Petit_2153.JPG\nSandnes Mandarin Petit 2134 Gul Sand:Sandnes_Mandarin_Petit_2134.JPG\nSandnes Mandarin Petit 2205 Khaki:CLOSE-UP-MANDARIN-PETIT-2205.JPG\nSandnes Mandarin Petit 3051 Iskaffe:CLOSE-UP-SANDNES-MANDARIN-PETIT-3051.JPG\n\nSandnes Merinoull 2650 Beigemeleret:Sandnes_Merinoull_2650.JPG\nSandnes Merinoull 1042 Gråmeleret:Sandnes_Merinoull_1042.JPG\nSandnes Merinoull 4042 Gammelrosa:Sandnes_Merinoull_4042.JPG\nSandnes Merinoull 6071 Gråblå:Sandnes_Merinoull_6071.JPG\nSandnes Merinoull 4312 Støvet Rosa:Sandnes_Merinoull_4312.JPG\nSandnes Merinoull 2544 Brændt Gulbrun:Sandnes_Merinoull_2544.JPG\nSandnes Merinoull 9871 Mørk Støvet Oliven:Sandnes_Merinoull_9871.JPG\nSandnes Merinoull 8521 Støvet Lys Grøn:Sandnes_Merinoull_8521.JPG\nSandnes Merinoull 5830 Lys Gråblå:Sandnes_Merinoull_5830.JPG\nSandnes Merinoull 4631 Støvet Syrin:Sandnes_Merinoull_4631.JPG\nSandnes Merinoull 3161 Agern:Sandnes_Merinoull_3161.JPG\nSandnes Merinoull 2564 Gyldenbrun:Sandnes_Merinoull_2564.JPG\nSandnes Merinoull 2537 Karry:Sandnes_Merinoull_2537.JPG\nSandnes Merinoull 1055 Koksmeleret:Sandnes_Merinoull_1055.JPG\nSandnes Merinoull 1001 Hvid:Sandnes_Merinoull_1001.JPG\nSandnes Merinoull 2125 Standskal:Sandnes_Merinoull_2125.JPG\nSandnes Merinoull 6061 Mørk Gråblå:Sandnes_Merinoull_6061.JPG\nSandnes Merinoull 2015 Majsgul:Sandnes_Merinoull_2015.JPG\nSandnes Merinoull 3511 Pudder Rosa:CLOSE-UP-SANDNES-MERINOULL-3511.PNG\nSandnes Merinoull 4622 Lys Lyng:CLOSE-UP-SANDNES-MERINOULL-4622.PNG\nSandnes Merinoull 5575 Marine:CLOSE-UP-SANDNES-MERINOULL-5575.PNG\n\nSandnes Peer Gynt 2650 Grå Beigemeleret:Sandnes_Peer_Gynt_2650.JPG\nSandnes Peer Gynt 1012 Natur:Sandnes_Peer_Gynt_1012.JPG\nSandnes Peer Gynt 2321 Marcipan:Sandnes_Peer_Gynt_2321.JPG\nSandnes Peer Gynt 2572 Lys Brunmeleret:Sandnes_Peer_Gynt_2572.JPG\nSandnes Peer Gynt 3161 Agern:Sandnes_Peer_Gynt_3161.JPG\nSandnes Peer Gynt 2652 Mellem Brunmeleret:Sandnes_Peer_Gynt_2652.JPG\nSandnes Peer Gynt 3082 Brun:Sandnes_Peer_Gynt_3082.JPG\nSandnes Peer Gynt 2564 Gyldenbrun:Sandnes_Peer_Gynt_2564.JPG\nSandnes Peer Gynt 2324 Ravgul:Sandnes_Peer_Gynt_2324.JPG\nSandnes Peer Gynt 2544 Brændt Gulbrun:Sandnes_Peer_Gynt_2544.JPG\nSandnes Peer Gynt 4631 Støvet Syrin:Sandnes_Peer_Gynt_4631.JPG\nSandnes Peer Gynt 4023 Gammelrosa:Sandnes_Peer_Gynt_4023.JPG\nSandnes Peer Gynt 4228 Rød:Sandnes_Peer_Gynt_4228.JPG\nSandnes Peer Gynt 6324 Blåmeleret:Sandnes_Peer_Gynt_6324.JPG\nSandnes Peer Gynt 6072 Blå Gråmeleret:Sandnes_Peer_Gynt_6072.JPG\nSandnes Peer Gynt 5575 Marineblå:Sandnes_Peer_Gynt_5575.JPG\nSandnes Peer Gynt 1032 Lys Gråmeleret:Sandnes_Peer_Gynt_1032.JPG\nSandnes Peer Gynt 1042 Gråmeleret:Sandnes_Peer_Gynt_1042.JPG\nSandnes Peer Gynt 1088 Koksmeleret:Sandnes_Peer_Gynt_1088.JPG\nSandnes Peer Gynt 9572 Mørk Grønmeleret:Sandnes_Peer_Gynt_9572.JPG\nSandnes Peer Gynt 1053 Mørk Gråmeleret:Sandnes_Peer_Gynt_1053.JPG\nSandnes Peer Gynt 2122 Gul Månesten:SANDNES-PEER-GYNT-2122.JPG\nSandnes Peer Gynt 8236 Jelly Bean Green:SANDNES-PEER-GYNT-8236.JPG\nSandnes Peer Gynt 3021 Lys Beigemeleret:SANDNES-PEER-GYNT-3021.JPG\nSandnes Peer Gynt 2523 Natur Tweed:SANDNES-PEER-GYNT-TWEED-2523.PNG\nSandnes Peer Gynt 1002 Hvid:SANDNES-PEER-GYNT-1002.PNG\nSandnes Peer Gynt 1099 Sort:SANDNES-PEER-GYNT-1099.PNG\nSandnes Peer Gynt 6046 Jolly Blue:SANDNES-PEER-GYNT-6046.PNG\nSandnes Peer Gynt 8082 Skovgrøn:SANDNES-PEER-GYNT-8082.PNG\nSandnes Peer Gynt 1035 Løvfald Tweed:CLOSE-UP-SANDNES-PEER-GYNT-1035.JPG\nSandnes Peer Gynt 1502 M\/blå Tweed:CLOSE-UP-SANDNES-PEER-GYNT-1502.JPG\nSandnes Peer Gynt 2720 Marcipan Tutti Frutti:\nSandnes Peer Gynt 3553 Støvet Blommerosa:CLOSE-UP-SANDNES-PEER-GYNT-3553.JPG\nSandnes Peer Gynt 3819 Spicy Orange:CLOSE-UP-SANDNES-PEER-GYNT-3819.JPG\nSandnes Peer Gynt 4615 Rosa Natur Tweed:SANDNES_CLOSE_UP_PEER_GYNT_4615.JPG\nSandnes Peer Gynt 5235 Passionsblomst:CLOSE-UP-SANDNES-PEER-GYNT-5235.JPG\nSandnes Peer Gynt 6035 Blå Hortensia Tutti Frutti:\n\n\nSandnes Perfect 2650 Beigemeleret:Sandnes_Perfect_2650.JPG\nSandnes Perfect 1053 Mørk Gråmeleret:Sandnes_Perfect_1053.JPG\nSandnes Perfect 6062 Mørk Blå:Sandnes_Perfect_6062.JPG\nSandnes Perfect 3544 Terrakotta:Sandnes_Perfect_3544.JPG\nSandnes Perfect 2571 Mørkebrun:Sandnes_Perfect_2571.JPG\nSandnes Perfect 8063 Mørk Grøn:Sandnes_Perfect_8063.JPG\nSandnes Perfect 4621 Syrin:Sandnes_Perfect_4621.JPG\nSandnes Perfect 2153 Lys Tapenade:Sandnes_Perfect_2153.JPG\nSandnes Perfect 1088 Koksmeleret:Sandnes_Perfect_1088.JPG\nSandnes Perfect 1042 Gråmeleret:Sandnes_Perfect_1042.JPG\nSandnes Perfect 1002 Hvid:Sandnes_Perfect_1002.JPG\nSandnes Perfect 2564 Gyldenbrun:SANDNES_PERFECT_2564_968D2986-8C9B-4B3F-9179-51B09AFC48BA.JPG\nSandnes Perfect 2572 Brunmeleret:CLOSE-UP-SANDNES-PERFECT-2572.PNG\nSandnes Perfect 4626 Shocking Pink:CLOSE-UP-SANDNES-PERFECT-4626.PNG\nSandnes Perfect 5575 Marine:CLOSE-UP-SANDNES-PERFECT-5575.PNG\nSandnes Perfect 6046 Jolly Blue:CLOSE-UP-SANDNES-PERFECT-6046.PNG\n\nSandnes Sunday 3021 Lys Beige:Sandnes_Sunday_3021.JPG\nSandnes Sunday 1012 Whipped Cream:Sandnes_Sunday_1012.JPG\nSandnes Sunday 9071 Støvet Oliven Grøn:Sandnes_Sunday_9071.JPG\nSandnes Sunday 2563 Kastanje:Sandnes_Sunday_2563.JPG\nSandnes Sunday 2543 Brun Sukker:Sandnes_Sunday_2543.JPG\nSandnes Sunday 2345 Croissant:Sandnes_Sunday_2345.JPG\nSandnes Sunday 3819 Feel That Orange:Sandnes_Sunday_3819.JPG\nSandnes Sunday 3511 Pudder Rosa:Sandnes_Sunday_3511.JPG\nSandnes Sunday 2542 Camel:Sandnes_Sunday_2542.JPG\nSandnes Sunday 8082 Skovgrøn:Sandnes_Sunday_8082.JPG\nSandnes Sunday 6581 Mørk Gråblå:Sandnes_Sunday_6581.JPG\nSandnes Sunday 4631 Støvet Lilla:Sandnes_Sunday_4631.JPG\nSandnes Sunday 3553 Dusty Rouge:Sandnes_Sunday_3553.JPG\nSandnes Sunday 3161 Agern:Sandnes_Sunday_3161.JPG\nSandnes Sunday 8236 Statement Green:Sandnes_Sunday_8236.JPG\nSandnes Sunday 2611 Mandel:Sandnes_Sunday_2611.JPG\nSandnes Sunday 9882 Into The Woods:Sandnes_Sunday_9882.JPG\nSandnes Sunday 6707 Stålgrå:Sandnes_Sunday_6707.JPG\nSandnes Sunday 3543 Rust:Sandnes_Sunday_3543.JPG\nSandnes Sunday 3072 Mørkebrun:Sandnes_Sunday_3072.JPG\nSandnes Sunday 1045 Lys Grå:Sandnes_Sunday_1045.JPG\nSandnes Sunday 6043 Baby Blue Eyes:Sandnes_Sunday_6043.JPG\nSandnes Sunday 1099 Sort:Sandnes_Sunday_1099.JPG\nSandnes Sunday 1015 Kitt:Sandnes_Sunday_1015.JPG\nSandnes Sunday 8521 Støvet Lys Grøn:Sandnes_Sunday_8521.JPG\nSandnes Sunday 6012 Diamond Blue:Sandnes_Sunday_6012.JPG\nSandnes Sunday 2114 Banana:Sandnes_Sunday_2114.JPG\nSandnes Sunday 4313 Frozen Yoghurt:Sandnes_Sunday_4313.JPG\nSandnes Sunday 2564 Chocolate Truffle:Sandnes_Sunday_2564.JPG\nSandnes Sunday 4621 Støvet Syren:Sandnes_Sunday_4621.JPG\nSandnes Sunday 2511 Mandel:Close_Sandnes_Sunday_2511.JPG\nSandnes Sunday 3554 Rust:Sandnes_Sunday_3554.JPG\nSandnes Sunday 8082 Rust:Sandnes_Sunday_8082.JPG\nSandnes Sunday 2534 Fudge:Sandnes-Sunday-2534.JPG\nSandnes Sunday 5846 Blå:Sandnes-Sunday-5846.JPG\nSandnes Sunday 4236 Dyb Rød:SANDNES-SUNDAY-4236.PNG\nSandnes Sunday 6501 Isblå:SANDNES-SUNDAY-6501.PNG\nSandnes Sunday 2650 Beigemeleret:Close_SANDNES-SUNDAY-2650.JPG\nSandnes Sunday 3880 Mørk Chokolade:Close_SANDNES-SUNDAY-3880.JPG\nSandnes Sunday 6046 Electric Blue:Close_SANDNES-SUNDAY-6046.JPG\nSandnes Sunday 1042 Gråmeleret:Close-SANDNES-SUNDAY-1042.JPG\nSandnes Sunday 3091 Cacao Nibs:SANDNES-SUNDAY-CACAO-NIBS-3091.JPG\nSandnes Sunday 3821 Kardemomme:CLOSE_SANDNES-SUNDAY-3821.JPG\nSandnes Sunday 4008 Poppy:CLOSE_SANDNES-SUNDAY-4008.JPG\nSandnes Sunday 4626 Shocking Pink:Sandnes-Sunday-Shocking-Pink-4626.JPG\n\n\nSandnes Tynn Peer Gynt 2652 Mellembrun meleret:SANDNES-TYNN-PEER-GYNT-2652.PNG\nSandnes Tynn Peer Gynt 1042 Gråmeleret:SANDNES-TYNN-PEER-GYNT-1042.PNG\nSandnes Tynn Peer Gynt 2122 Månesten:SANDNES-TYNN-PEER-GYNT-2122.PNG\nSandnes Tynn Peer Gynt 2641 Natur meleret:SANDNES-TYNN-PEER-GYNT-2641.PNG\nSandnes Tynn Peer Gynt 3819 Spicy Orange:SANDNES-TYNN-PEER-GYNT-3819.PNG\nSandnes Tynn Peer Gynt 3880 Mørk Chokolade Brun:SANDNES-TYNN-PEER-GYNT-3880.PNG\nSandnes Tynn Peer Gynt 5575 Marineblå:SANDNES-TYNN-PEER-GYNT-5575.PNG\nSandnes Tynn Peer Gynt 6046 Jolly Blue:SANDNES-TYNN-PEER-GYNT-6046.PNG\nSandnes Tynn Peer Gynt 8236 Jelly Bean Green:SANDNES-TYNN-PEER-GYNT-8236.PNG\nSandnes Tynn Peer Gynt 9572 Mørk Grønmeleret:SANDNES-TYNN-PEER-GYNT-9572.PNG\nSandnes Tynn Peer Gynt 1002 Hvid:CLOSE-UP-SANDNES-TYNN-PEER-GYNT-1002.PNG\nSandnes Tynn Peer Gynt 1099 Sort:CLOSE-UP-SANDNES-TYNN-PEER-GYNT-1099.PNG\nSandnes Tynn Peer Gynt 2650 Gråbeige Meleret:CLOSE-UP-SANDNES-TYNN-PEER-GYNT-2650.PNG\nSandnes Tynn Peer Gynt 4236 Dyb Rød:CLOSE-UP-SANDNES-TYNN-PEER-GYNT-4236.PNG\n\n\nSandnes Tynn Silk Mohair 3021 Lys Beige:Sandnes_Tynn_Silk_Mohair_3021.JPG\nSandnes Tynn Silk Mohair 9071 Støvet Oliven Grøn:Sandnes_Tynn_Silk_Mohair_9071.JPG\nSandnes Tynn Silk Mohair 3161 Agern Brun:Sandnes_Tynn_Silk_Mohair_3161.JPG\nSandnes Tynn Silk Mohair 6012 Lys Blå:Sandnes_Tynn_Silk_Mohair_6012.JPG\nSandnes Tynn Silk Mohair 1022 Lys Gråmeleret:Sandnes_Tynn_Silk_Mohair_1022.JPG\nSandnes Tynn Silk Mohair 3072 Mørk Brun:Sandnes_Tynn_Silk_Mohair_3072.JPG\nSandnes Tynn Silk Mohair 1012 Naturhvid:Sandnes_Tynn_Silk_Mohair_1012.JPG\nSandnes Tynn Silk Mohair 5581 Mørkeblå:SANDNES-TYNN-SILK-MOHAIR-5581.JPG\nSandnes Tynn Silk Mohair 7272 Petrolium:Sandnes_Tynn_Silk_Mohair_7272.JPG\nSandnes Tynn Silk Mohair 6081 Dyb Blå:Sandnes_Tynn_Silk_Mohair_6081.JPG\nSandnes Tynn Silk Mohair 4054 Dyb Vinrød:Sandnes_Tynn_Silk_Mohair_4054.JPG\nSandnes Tynn Silk Mohair 2543 Brunt Sukker:Sandnes_Tynn_Silk_Mohair_2543.JPG\nSandnes Tynn Silk Mohair 6707 Stålgrå:Sandnes_Tynn_Silk_Mohair_6707.JPG\nSandnes Tynn Silk Mohair 6042 Mørk Himmelblå:Sandnes_Tynn_Silk_Mohair_6042.JPG\nSandnes Tynn Silk Mohair 4631 Støvet Syrin:Sandnes_Tynn_Silk_Mohair_4631.JPG\nSandnes Tynn Silk Mohair 3511 Pudder Rosa:Sandnes_Tynn_Silk_Mohair_3511.JPG\nSandnes Tynn Silk Mohair 2755 Gyldenbrun:Sandnes_Tynn_Silk_Mohair_2755.JPG\nSandnes Tynn Silk Mohair 2136 Okker:SANDNES-TYNN-SILK-MOHAIR-2136.JPG\nSandnes Tynn Silk Mohair 8521 Støvet Lys Grøn:Sandnes_Tynn_Silk_Mohair_8521.JPG\nSandnes Tynn Silk Mohair 6552 Isblå:Sandnes_Tynn_Silk_Mohair_6552.JPG\nSandnes Tynn Silk Mohair 4244 Mørk Gammelrosa:Sandnes_Tynn_Silk_Mohair_4244.JPG\nSandnes Tynn Silk Mohair 3835 Terrakotta:Sandnes_Tynn_Silk_Mohair_3835.JPG\nSandnes Tynn Silk Mohair 3554 Rust:Sandnes_Tynn_Silk_Mohair_3554.JPG\nSandnes Tynn Silk Mohair 2727 Orange:Sandnes_Tynn_Silk_Mohair_2727.JPG\nSandnes Tynn Silk Mohair 2113 Strågul:SANDNES-TYNN-SILK-MOHAIR-2113.JPG\nSandnes Tynn Silk Mohair 2101 Lys Gul:SANDNES-TYNN-SILK-MOHAIR-2101.JPG\nSandnes Tynn Silk Mohair 1099 Sort:Sandnes_Tynn_Silk_Mohair_1099.JPG\nSandnes Tynn Silk Mohair 6046 Jolly Blue:Sandnes-Tynn-Silk-Mohair-6046.JPG\nSandnes Tynn Silk Mohair 8236 Jelly Bean Green:Sandnes_Tynn_Silk_Moahir_8236.JPG\nSandnes Tynn Silk Mohair 3818 Orange:SANDNES-TYNN-SILK-MOHAIR-3818.JPG\nSandnes Tynn Silk Mohair 3553 Støvet Blommerosa:SANDNES-TYNN-SILK-MOHAIR-3553.JPG\nSandnes Tynn Silk Mohair 2511 Mandel:SANDNES-TYNN-SILK-MOHAIR-2511.JPG\nSandnes Tynn Silk Mohair 3880 Mørk Chokolade:Sandnes-Tynn-Silk-Mohair-3880.PNG\nSandnes Tynn Silk Mohair 8581 Dyb Skovgrøn:SANDNES-TYNN-SILK-MOHAIR-8581.PNG\n\nSandnes Double Sunday 3821 Kardemomme:Sandnes-Double-Sunday-3821.JPG\nSandnes Double Sunday 5581 Sailor In The Dark:Sandnes-Double-Sunday-5581.JPG\nSandnes Double Sunday 9882 Into The Woods:Sandnes-Double-Sunday-9882.JPG\nSandnes Double Sunday 2511 Almond:Sandnes-Duble-Sunday-2511.JPG\nSandnes Double Sunday 3819 Feel That Orange:Sandnes-Double-Sunday-3819.JPG\nSandnes Double Sunday 8051 Euculyptus:Sandnes-Double-Sunday-8051.JPG\nSandnes Double Sunday 4081 Coffee Bean:Sandens-Double-Sunday-4081.JPG\nSandnes Double Sunday 2114 Banana:Sandnes-Double-Sunday-2114.JPG\nSandnes Double Sunday 6046 Electric Blue:Sandnes-Double-Sunday-6046.JPG\nSandnes Double Sunday 2542 Camel:Sandnes-Double-Sunday-2542.JPG\nSandnes Double Sunday 3161 Agern:Sandnes-Double-Sunday-3161.JPG\nSandnes Double Sunday 3553 Dusty Rouge:Sandnes-Double-Sunday-3553.JPG\nSandnes Double Sunday 2543 Brun Sukker:Sandnes-Double-Sunday-2543.JPG\nSandnes Double Sunday 8236 Statement Green:Sandnes-Double-Sunday-8236.JPG\nSandnes Double Sunday 1012 Whipped Cream:Sandnes-Double-Sunday-1012.JPG\nSandnes Double Sunday 5930 Pale Blue:Sandnes-Double-Sunday-5930.JPG\nSandnes Double Sunday 3521 Ballet Shoes:Sandnes-Double-Sunday-3521.JPG\nSandnes Double Sunday 1099 Sort:SANDNES-DOUBLE-SUNDAY-1099_DABB9E04-847D-4379-9CE4-0231E840C0CC.JPG\nSandnes Double Sunday 6580 Blå Nat:SANDNES-DOUBLE-SUNDAY-6580_DFD6726B-6C62-4EC4-9E3B-6462A7AD06AF.JPG\nSandnes Double Sunday 2321 Marcipan:SANDNES-DOUBLE-SUNDAY-2321.JPG\nSandnes Double Sunday 1042 Gråmeleret:CLOSE-UP-SANDNES-DOUBLE-SUNDAY-1042.PNG\nSandnes Double Sunday 2345 Croissant:CLOSE-UP-SANDNES-DOUBLE-SUNDAY-2345.PNG\nSandnes Double Sunday 4236 Dyb Rød:CLOSE-UP-SANDNES-DOUBLE-SUNDAY-4236.PNG\nSandnes Double Sunday 3880 Mørk Chokolade:SANDNES-DOUBLE-SUNDAY-3880-CLOSE-UP.PNG\n\nSandnes DUO farve 2650 Beige:SANDNES-DUO-2650.JPG\nSandnes DUO farve 1002 Hvid:SANDNES-DUO-1002.JPG\nSandnes DUO farve 2124 Aksgul:SANDNES-DUO-2124.JPG\nSandnes DUO farve 2336 Karry:SANDNES-DUO-2336.JPG\nSandnes DUO farve 2652 Mørk Beige:SANDNES-DUO-2652.JPG\nSandnes DUO farve 4032 Pudderrosa:SANDNES-DUO-4032.JPG\nSandnes DUO farve 4344 Mørk Pudderrosa:SANDNES-DUO-4344.JPG\nSandnes DUO farve 6033 Jeansblå:SANDNES-DUO-6033.JPG\nSandnes DUO farve 8072 Skovgrøn:SANDNES-DUO-8072.JPG\nSandnes DUO farve 9551 Støvet Mosegrøn:SANDNES-DUO-9551.JPG\n\nSandnes Tweed Recycled 1085 Lys Grå:CLOSE-UP-SANDNES-TWEED-RECYCLED-LYS-GRAA-1085.PNG\nSandnes Tweed Recycled 2585 Beige:CLOSE-UP-SANDNES-TWEED-RECYCLED-BEIGE-2585.PNG\nSandnes Tweed Recycled 3185 Brun:CLOSE-UP-SANDNES-TWEED-RECYCLED-BRUN-3185.PNG\nSandnes Tweed Recycled 5585 Marineblå:CLOSE-UP-SANDNES-TWEED-RECYCLED-MARINEBLAA-5585.PNG\nSandnes Tweed Recycled 9585 Olivengrøn:CLOSE-UP-SANDNES-TWEED-RECYCLED-OLIVENGROEN-9585.PNG\n\nSandnes Tynn Line 3021 Beige:SANDNES-TYNN-LINE-3021.JPG\nSandnes Tynn Line 4620 Lys Syren:SANDNES-TYNN-LINE-4620.JPG\nSandnes Tynn Line 5930 Lys Blå:SANDNES-TYNN-LINE-5930.JPG\n\nDrops Air garn 26 beige:Drops-Air-26.JPG\nDrops Air garn 01 natur:Drops-Air-01.JPG\nDrops Air garn 02 hvede:Drops-Air-02.JPG\nDrops Air garn 03 perlegrå:Drops-Air-03.JPG\nDrops Air garn 04 mellemgrå:Drops-Air-04.JPG\nDrops Air garn 05 brun:Drops-Air-05.JPG\nDrops Air garn 06 sort mix:Drops-Air-06.JPG\nDrops Air garn 08 lys pink:Drops-Air-08.JPG\nDrops Air garn 09 marineblå:Drops-Air-09.JPG\nDrops Air garn 10 tåge:Drops-Air-10.JPG\nDrops Air garn 15 lilla tåge:Drops-Air-15.JPG\nDrops Air garn 16 blå:Drops-Air-16.JPG\nDrops Air garn 17 jeansblå:Drops-Air-17.JPG\nDrops Air garn 18 lys grågrøn:Drops-Air-18.JPG\nDrops Air garn 19 skovgrøn:Drops-Air-19.JPG\nDrops Air garn 22 gul:Drops-Air-22.JPG\nDrops Air garn 28 rød mursten:Drops-Air-28.JPG\nDrops Air garn 29 gammelrosa:Drops-Air-29.JPG\nDrops Air garn 30 salvie grøn:Drops-Air-30.JPG\nDrops Air garn 35 ler:Drops-Air-35.JPG\n\nDrops Kid Silk 12 beige:Drops-Kid-Silk-12.JPG\nDrops Kid Silk 35 chokolade brun:Drops-Kid-Silk-35.JPG\nDrops Kid Silk 28 marineblå:Drops-Kid-Silk-28.JPG\nDrops Kid Silk 15 mørk brun:Drops-Kid-Silk-15.JPG\nDrops Kid Silk 20 lys beige:Drops-Kid-Silk-20.JPG\nDrops Kid Silk 07 lys himmelblå:Drops-Kid-Silk-07.JPG\nDrops Kid Silk 02 sort:Drops-Kid-Silk-02.JPG\nDrops Kid Silk 08 lys jeansblå:Drops-Kid-Silk-08.JPG\nDrops Kid Silk 34 salvie grøn:Drops-Kid-Silk-34.JPG\nDrops Kid Silk 22 askegrå:Drops-Kid-Silk-22.JPG\nDrops Kid Silk 10 grå:Drops-Kid-Silk-10.JPG\nDrops Kid Silk 09 lys lavendel:Drops-Kid-Silk-09.JPG\nDrops Kid Silk 05 lyng:Drops-Kid-Silk-05.JPG\nDrops Kid Silk 03 lys rosa:Drops-Kid-Silk-03.JPG\nDrops Kid Silk 01 natur:Drops-Kid-Silk-01.JPG\nDrops Kid Silk 39 stormblå:Drops-Kid-Silk-39.JPG\nDrops Kid Silk 30 karrygul:Drops-Kid-Silk-30.JPG\nDrops Kid Silk 19 mørk grøn:Drops-Kid-Silk-19.JPG\nDrops Kid Silk 16 mørk lilla:Drops-Kid-Silk-16.JPG\nDrops Kid Silk 04 gammelrose:Drops-Kid-Silk-04.JPG\nDrops Kid Silk 38 kridt:Drops-Kid-Silk-38.JPG\nDrops Kid Silk 31 malva:Drops-Kid-Silk-31.JPG\n\nDrops Lima 0619 beige:Drops-Lima-0619.JPG\nDrops Lima 9015 grå:Drops-Lima-9015.JPG\nDrops Lima 5610 brun:Drops-Lima-5610.JPG\nDrops Lima 7810 mosgrøn:Drops-Lima-7810.JPG\nDrops Lima 4305 mørkblå:Drops-Lima-4305.JPG\nDrops Lima 5310 lys brun:Drops-Lima-5310.JPG\nDrops Lima 9010 lysgrå:Drops-Lima-9010.JPG\nDrops Lima 8465 stengrå:Drops-Lima-8465.JPG\nDrops Lima 6235 jeansblå:Drops-Lima-6235.JPG\nDrops Lima 3145 støvet rosa:Drops-Lima-3145.JPG\nDrops Lima 8903 sort:Drops-Lima-8903.JPG\nDrops Lima 8112 isblå:Drops-Lima-8112.JPG\nDrops Lima 4434 lilla:Drops-Lima-4434.JPG\nDrops Lima 1101 hvid:Drops-Lima-1101.JPG\nDrops Lima 0519 mørkgrå:Drops-Lima-0519.JPG\nDrops Lima 0206 lys beige:Drops-Lima-0206.JPG\n\nDrops Melody 15 beige:Drops-Melody-15.JPG\nDrops Melody 04 grå:Drops-Melody-04.JPG\nDrops Melody 14 vanilje gul:Drops-Melody-14.JPG\nDrops Melody 09 lys søgrøn:Drops-Melody-09.JPG\nDrops Melody 06 støvet rosa:Drops-Melody-06.JPG\nDrops Melody 02 tåge:Drops-Melody-02.JPG\nDrops Melody 01 natur:Drops-Melody-01.JPG\n\nDrops Safran 21 beige:Drops-Safran-21.JPG\nDrops Safran 01 ørkenrosa:Drops-Safran-01.JPG\nDrops Safran 04 salvie grøn:Drops-Safran-04.JPG\nDrops Safran 05 lavendel:Drops-Safran-05.JPG\nDrops Safran 06 jeansblå:Drops-Safran-06.JPG\nDrops Safran 07 grå:Drops-Safran-07.JPG\nDrops Safran 09 marineblå:Drops-Safran-09.JPG\nDrops Safran 10 gul:Drops-Safran-10.JPG\nDrops Safran 16 sort:Drops-Safran-16.JPG\nDrops Safran 17 hvid:Drops-Safran-17.JPG\nDrops Safran 18 naturhvid:Drops-Safran-18.JPG\nDrops Safran 19 rød:Drops-Safran-19.JPG\nDrops Safran 22 lys beige:Drops-Safran-22.JPG\nDrops Safran 23 brun:Drops-Safran-23.JPG\nDrops Safran 50 mint:Drops-Safran-50.JPG\nDrops Safran 56 støvet rosa:Drops-Safran-56.JPG\nDrops Safran 57 malva:Drops-Safran-57.JPG\nDrops Safran 58 ametyst:Drops-Safran-58.JPG\nDrops Safran 59 rød ler:Drops-Safran-59.JPG\nDrops Safran 60 mosgrøn:Drops-Safran-60.JPG\nDrops Safran 64 lys beige:Drops-Safran-64.JPG\nDrops Safran 66 sennepsgul:Drops-Safran-66.JPG\nDrops Safran 67 græskar:Drops-Safran-67.JPG\nDrops Safran 68 kaffe:Drops-Safran-68.JPG\nDrops Safran 70 sød orkidé:Drops-Safran-70.JPG\n\nDrops Snow 48 beige:Drops-Snow-48.JPG\nDrops Snow 01 natur:Drops-Snow-01.JPG\nDrops Snow 02 sort:Drops-Snow-02.JPG\nDrops Snow 03 mørkebrun:Drops-Snow-03.JPG\nDrops Snow 13 pudder (outlet):Drops-Snow-13.JPG\nDrops Snow 14 mørkgrå:Drops-Snow-14.JPG\nDrops Snow 21 blåviolet:Drops-Snow-21.JPG\nDrops Snow 22 armygrøn:Drops-Snow-22.JPG\nDrops Snow 23 muldvarp brun:Drops-Snow-23.JPG\nDrops Snow 24 gul:Drops-Snow-24.JPG\nDrops Snow 30 pastelrosa:Drops-Snow-30.JPG\nDrops Snow 36 ametyst:Drops-Snow-36.JPG\nDrops Snow 37 saphir:Drops-Snow-37.JPG\nDrops Snow 46 mellemgrå:Drops-Snow-46.JPG\nDrops Snow 47 lys beige:Drops-Snow-47.JPG\nDrops Snow 52 lys gråblå:Drops-Snow-52.JPG\nDrops Snow 53 lys grå:Drops-Snow-53.JPG\nDrops Snow 54 lavendel:Drops-Snow-54.JPG\nDrops Snow 57 marineblå:Drops-Snow-57.JPG\nDrops Snow 83 malva:Drops-Snow-83.JPG\nDrops Snow 87 tåge:Drops-Snow-87.JPG\nDrops Snow 88 kridt:Drops-Snow-88.JPG\nDrops Snow 89 ler:Drops-Snow-89.JPG\nDrops Snow 90 toffee:Drops-Snow-90.JPG\n\nDrops Puna 02 beige:Drops-Puna-02.JPG\nDrops Puna 15 nordsø blå:Drops-Puna-15.JPG\nDrops Puna 14 jeansblå:Drops-Puna-14.JPG\nDrops Puna 13 marineblå:Drops-Puna-13.JPG\nDrops Puna 08 sort:Drops-Puna-08.JPG\nDrops Puna 07 lys grå:Drops-Puna-07.JPG\nDrops Puna 06 grå:Drops-Puna-06.JPG\nDrops Puna 05 mørk grå:Drops-Puna-05.JPG\nDrops Puna 01 natur:Drops-Puna-01.JPG\n\nLang Yarn Cashmere Premium 0039:Lang-Yarn-Cashmere-Premium-0039.JPG\nLang Yarn Cashmere Premium 0139:Lang-Yarn-Cashmere-Premium-0139.JPG\nLang Yarn Cashmere Premium 0268:Lang-Yarn-Cashmere-Premium-0268.JPG\nLang Yarn Cashmere Premium 0021:Lang-Yarn-Cashmere-Premium-0021.JPG\nLang Yarn Cashmere Premium 0167:Lang-Yarn-Cashmere-Premium-0167.JPG\nLang Yarn Cashmere Premium 0025:Lang-Yarn-Cashmere-Premium-0025.JPG\nLang Yarn Cashmere Premium 0023:Lang-Yarn-Cashmere-Premium-0023.JPG\nLang Yarn Cashmere Premium 0005:Lang-Yarn-Cashmere-Premium-0005.JPG\nLang Yarn Cashmere Premium 0003:LANG-YARN-CASHMERE-PREMIUM-0003.JPG\nLang Yarn Cashmere Premium 0004:LANG-YARN-CASHMERE-PREMIUM-0004.JPG\nLang Yarn Cashmere Premium 0048:LANG-YARN-CASHMERE-PREMIUM-0048.JPG\nLang Yarn Cashmere Premium 0096:LANG-YARN-CASHMERE-PREMIUM-0096.JPG\nLang Yarn Cashmere Premium 0097:LANG-YARN-CASHMERE-PREMIUM-78.0097.JPG\nLang Yarn Cashmere Premium 0113:LANG-YARN-CASHMERE-PREMIUM-78.0113.JPG\nLang Yarn Cashmere Premium 0002:CASHMERE-PREMIUM-78-0002.JPG\nLang Yarn Cashmere Premium 0006:CASHMERE-PREMIUM-78-0006.JPG\nLang Yarn Cashmere Premium 0022:CASHMERE-PREMIUM-78-0022.JPG\nLang Yarn Cashmere Premium 0098:CASHMERE-PREMIUM-78-0098.JPG\nLang Yarn Cashmere Premium 0134:CASHMERE-PREMIUM-7800134.JPG\nLang Yarn Cashmere Premium 0246:CASHMERE-PREMIUM-78-0246.JPG\nLang Yarn Cashmere Premium 0467:CASHMERE-PREMIUM-78-0467.JPG\nLang Yarn Cashmere Premium 0159:CASHMERE-PREMIUM-0159.JPG\nLang Yarn Cashmere Premium 0011:CASHMERE-PREMIUM-0011.JPG\nLang Yarn Cashmere Premium 0067:CASHMERE-PREMIUM-0067.JPG\nLang Yarn Cashmere Premium 0060:CASHMERE-PREMIUM-0060.JPG\nLang Yarn Cashmere Premium 0110:CASHMERE-PREMIUM-0110.JPG\n\nLang Yarn Jawoll 0022:Lang-Yarn-Jawoll-0022.JPG\nLang Yarn Jawoll 0098:Lang-Yarn-Jawoll-0098.JPG\nLang Yarn Jawoll 0045:Lang-Yarn-Jawoll-0045.JPG\nLang Yarn Jawoll 0020:Lang-Yarn-Jawoll-0020.JPG\nLang Yarn Jawoll 0245:Lang-Yarn-Jawoll-0245.JPG\nLang Yarn Jawoll 0219:Lang-Yarn-Jawoll-0219.JPG\nLang Yarn Jawoll 0025:Lang-Yarn-Jawoll-0025.JPG\nLang Yarn Jawoll 0339:Lang-Yarn-Jawoll-0339.JPG\nLang Yarn Jawoll 0168:Lang-Yarn-Jawoll-0168.JPG\nLang Yarn Jawoll 0094:Lang-Yarn-Jawoll-0094.JPG\nLang Yarn Jawoll 0007:Lang-Yarn-Jawoll-0007.JPG\nLang Yarn Jawoll 0215:Lang-Yarn-Jawoll-0215.JPG\nLang Yarn Jawoll 0213:Lang-Yarn-Jawoll-0213.JPG\nLang Yarn Jawoll 0003:LANG-YARN-JAWOLL-83.0003.JPG\nLang Yarn Jawoll 0005:LANG-YARN-JAWOLL-83.0005.JPG\nLang Yarn Jawoll 0006:LANG-YARN-JAWOLL-83.0006.JPG\n\nLang Yarn Merino 400 Lace 0039:Lang-Yarn-Merino-400-Lace-0039.JPG\nLang Yarn Merino 400 Lace 0019:Lang-Yarn-Merino-400-Lace-0019.JPG\nLang Yarn Merino 400 Lace 0003:Lang-Yarn-Merino-400-Lace-0003.JPG\nLang Yarn Merino 400 Lace 0096:Lang-Yarn-Merino-400-Lace-0096.JPG\nLang Yarn Merino 400 Lace 0148:Lang-Yarn-Merino-400-Lace-0148.JPG\nLang Yarn Merino 400 Lace 0211:Lang-Yarn-Merino-400-Lace-0211.JPG\nLang Yarn Merino 400 Lace 0070:Lang-Yarn-Merino-400-Lace-0070.JPG\nLang Yarn Merino 400 Lace 0025:Lang-Yarn-Merino-400-Lace-0025.JPG\nLang Yarn Merino 400 Lace 0094:Lang-Yarn-Merino-400-Lace-0094.JPG\nLang Yarn Merino 400 Lace 0034:Lang-Yarn-Merino-400-Lace-0034.JPG\nLang Yarn Merino 400 Lace 0098:Lang-Yarn-Merino-400-Lace-0098.JPG\n\nLang Yarn Merino 120 farve 0539:Lang-Yarn-Merino-120-0539.JPG\nLang Yarn Merino 120 farve 0002:Lang-Yarn-Merino-120-0002.JPG\nLang Yarn Merino 120 farve 0004:Lang-Yarn-Merino-120-0004.JPG\nLang Yarn Merino 120 farve 0035:Lang-Yarn-Merino-120-0035.JPG\nLang Yarn Merino 120 farve 0049:Lang-Yarn-Merino-120-0049.JPG\nLang Yarn Merino 120 farve 0123:Lang-Yarn-Merino-120-0123.JPG\nLang Yarn Merino 120 farve 0126:Lang-Yarn-Merino-120-0126.JPG\nLang Yarn Merino 120 farve 0176:Lang-Yarn-Merino-120-0176.JPG\nLang Yarn Merino 120 farve 0209:Lang-Yarn-Merino-120-0209.JPG\nLang Yarn Merino 120 farve 0223:Lang-Yarn-Merino-120-0223.JPG\nLang Yarn Merino 120 farve 0245:LANG-YARN-MERINO-120-34.0245.JPG\nLang Yarn Merino 120 farve 0270:Lang-Yarn-Merino-120-0270.JPG\nLang Yarn Merino 120 farve 0287:Lang-Yarn-Merino-120-0287.JPG\nLang Yarn Merino 120 farve 0324:Lang-Yarn-Merino-120-0324.JPG\nLang Yarn Merino 120 farve 0397:Lang-Yarn-Merino-120-0397.JPG\nLang Yarn Merino 120 farve 0498:Lang-Yarn-Merino-120-0498.JPG\nLang Yarn Merino 120 farve 0511:LANG-YARN-MERINO-120-34.0511.JPG\n\nLang Yarn Crealino farve 0003:Lang-Yarn-Crealino-0003.JPG\nLang Yarn Crealino farve 0009:Lang-Yarn-Crealino-0009.JPG\nLang Yarn Crealino farve 0013:Lang-Yarn-Crealino-0013.JPG\nLang Yarn Crealino farve 0015:Lang-Yarn-Crealino-0015.JPG\nLang Yarn Crealino farve 0019:Lang-Yarn-Crealino-0019.JPG\nLang Yarn Crealino farve 0022:Lang-Yarn-Crealino-0022.JPG\nLang Yarn Crealino farve 0059:Lang-Yarn-Crealino-0059.JPG\nLang Yarn Crealino farve 0091:Lang-Yarn-Crealino-0091.JPG\nLang Yarn Crealino farve 0098:Lang-Yarn-Crealino-0098.JPG\n\nLang Yarn Amira 0095:LANG-YARN-AMIRA-933.0095.JPG\nLang Yarn Amira 0001:LANG-YARN-AMIRA-933.0001.JPG\nLang Yarn Amira 0007:LANG-YARN-AMIRA-933.0007.JPG\nLang Yarn Amira 0015:LANG-YARN-AMIRA-933.0015.JPG\nLang Yarn Amira 0019:LANG-YARN-AMIRA-933.0019.JPG\nLang Yarn Amira 0021:LANG-YARN-AMIRA-933.0021.JPG\nLang Yarn Amira 0050:LANG-YARN-AMIRA-933.0050.JPG\nLang Yarn Amira 0092:LANG-YARN-AMIRA-933.0092.JPG\n\nLang Yarn Kid Color 0001:LANG-YARN-KID-COLOR-7900.0001.JPG\nLang Yarn Kid Color 0002:LANG-YARN-KID-COLOR-1079.0002.JPG\nLang Yarn Kid Color 0005:LANG-YARN-KID-COLOR-7900.0005.JPG\nLang Yarn Kid Color 0008:LANG-YARN-KID-COLOR-1079.0008.JPG\n\n\nLang Yarn Cloud 0001:LANG-YARN-CLOUD-1077.0001.JPG\nLang Yarn Cloud 0008:LANG-YARN-CLOUD-10077.0088.JPG\nLang Yarn Cloud 0009:LANG-YARN-CLOUD-1077.0099.JPG\n\n\nGepard Garn Wild & Soft 144 Lys Beige:Gepard-Wild-_-Soft-144.JPG\nGepard Garn Wild & Soft 158 Gylden:Gepard-Wild-_-Soft-158.JPG\nGepard Garn Wild & Soft 172 Tobak:Gepard-Wild-_-Soft-172.JPG\nGepard Garn Wild & Soft 412 Lys Rosa:Gepard-Wild-_-Soft-412.JPG\nGepard Garn Wild & Soft 599 Blå:Gepard-Wild-_-Soft-599.JPG\nGepard Garn Wild & Soft 612 Lilla:Gepard-Wild-_-Soft-612.JPG\nGepard Garn Wild & Soft 728 Gråblå:Gepard-Wild-_-Soft-728.JPG\nGepard Garn Wild & Soft 782 Marine blå:GEPARD-WILD-_-SOFT-782.JPG\nGepard Garn Wild & Soft 832 Ny Grøn:Gepard-Wild-_-Soft-832.JPG\nGepard Garn Wild & Soft 850 Blad:Gepard-Wild-_-Soft-850.JPG\n\nGepard Puf Garn 144 Lys Beige:Gepard-Puf-144.JPG\nGepard Puf Garn 101 Hvid:Gepard-Puf-101.JPG\nGepard Puf Garn 148 Chokolade Brun:Gepard-Puf-148.JPG\nGepard Puf Garn 414 Gammelrosa:Gepard-Puf-414.JPG\nGepard Puf Garn 422 Flødekaramel:Gepard-Puf-422.JPG\nGepard Puf Garn 506 Musegrå:Gepard-Puf-506.JPG\nGepard Puf Garn 520 Stålgrå:Gepard-Puf-520.JPG\nGepard Puf Garn 650 Lilla:Gepard-Puf-650.JPG\nGepard Puf Garn 740 Koblet Blå:Gepard-Puf-740.JPG\nGepard Puf Garn 870 Oliven Grøn:Gepard-Puf-870.JPG\nGepard Puf Garn 334 Rød:SKAERMBILLEDE_2023-06-22_KL._12.55.22.PNG\n\nGepard Eco Cashmere Vintage 106 Latte:GEPARD-ECO-CASHMERE-VINTAGE-106-LATTE.JPG\nGepard Eco Cashmere Vintage 856 Grøn Grå:Gepard-Eco-Cashmere-Vintage-856-Groen-Graa.JPG\nGepard Eco Cashmere Vintage 776 Blå Beige:GEPARD-ECO-CASHMERE-VINTAGE-776-BLAA-BEIGE.JPG\nGepard Eco Cashmere Vintage 180 Mørkebrun:GEPARD-ECO-CASHMERE-VINTAGE-180-MOERKEBRUN.JPG\n\nGepard Teddy Dear 101 Råhvid:SKAERMBILLEDE_2023-01-07_KL._12.20.42.PNG\nGepard Teddy Dear 104 Lys Beige:GEPARD-TEDDY-DEAR-104-BEIGE.JPG\nGepard Teddy Dear 108 Beige:SKAERMBILLEDE_2023-01-07_KL._12.20.49.PNG\nGepard Teddy Dear 214 Orange:TEDDY-DEAR-ORANGE-214.JPG\nGepard Teddy Dear 420 Bubblegum:GEPARD-TEDDY-DEAR-420-BUBBLEGUM.JPG\nGepard Teddy Dear 502 Lys Grå:SKAERMBILLEDE_2023-01-07_KL._12.20.35.PNG\nGepard Teddy Dear 599 Sort:TEDDY-DEAR-599-SORT.JPG\nGepard Teddy Dear 718 Lavendelblå:GEPARD-TEDDY-DEAR-718.JPG\n\nGepard Pura Lana 101 Råhvid:Close-up-Gepard-Pura-Lana-101.PNG\nGepard Pura Lana 132 Rustik:Close-up-Gepard-Pura-Lana-132.PNG\nGepard Pura Lana 146 Cafe Latte:Close-up-Gepard-Pura-Lana-146.PNG\nGepard Pura Lana 192 Mørkebrun:Close-up-Gepard-Pura-Lana-192.PNG\nGepard Pura Lana 580 Koksgrå:Close-up-Gepard-Pura-Lana-580.PNG\nGepard Pura Lana 780 Midnatsblå:Close-up-Gepard-Pura-Lana-780.PNG\nGepard Pura Lana 886 Skovgrøn:Close-Up-Gepard-Pura-Lana-886.PNG\n\nGepard Cashmere Lace 101B Naturhvid:CASHMERE_LACE_101B.JPG\nGepard Cashmere Lace 144B Beigemeleret:CASHMERE_LACE_8114B.JPG\nGepard Cashmere Lace 190B Ny Muld:CASHMERLACE_190B_KOPI.JPG\n\n\nOnion Nettle Sock Yarn 1015 Sand Beige:Onion-Nettle-Sock-Yarn-1015.JPG\nOnion Nettle Sock Yarn 1002 Koksgrå:Onion-Nettle-Sock-Yarn-1002.JPG\nOnion Nettle Sock Yarn 1003 Brun:Onion-Nettle-Sock-Yarn-1003.JPG\nOnion Nettle Sock Yarn 1004 Laks:Onion-Nettle-Sock-Yarn-1004.JPG\nOnion Nettle Sock Yarn 1006 Grøn:Onion-Nettle-Sock-Yarn-1006.JPG\nOnion Nettle Sock Yarn 1009 Mørk Lilla:Onion-Nettle-Sock-Yarn-1009.JPG\nOnion Nettle Sock Yarn 1010 Mørk Blå:Onion-Nettle-Sock-Yarn-1010.JPG\nOnion Nettle Sock Yarn 1012 Sort:Onion-Nettle-Sock-Yarn-1012.JPG\nOnion Nettle Sock Yarn 1017 Grå:Onion-Nettle-Sock-Yarn-1017.JPG\nOnion Nettle Sock Yarn 1019 Citron Gul:Onion-Nettle-Sock-Yarn-1019.JPG\nOnion Nettle Sock Yarn 1028 Pudder:Onion-Nettle-Sock-Yarn-1028.JPG\nOnion Nettle Sock Yarn 1032 Gylden:Onion-Nettle-Sock-Yarn-1032.JPG\nOnion Nettle Sock Yarn 1034 Chokolade Brun:Onion-Nettle-Sock-Yarn-1034.JPG\n\nOnion Silk+Kid Mohair 3004 Pudder:ONION-SILK-_-KID-MOHAIR-3004.JPG\nOnion Silk+Kid Mohair 3001 Råhvid:ONION-SILK-_-KID-MOHAIR-3001.JPG\nOnion Silk+Kid Mohair 3002 Lys Grå:ONION-SILK-_-KID-MOHAIR-3002.JPG\nOnion Silk+Kid Mohair 3003 Mørk Grå:ONION-SILK-_-KID-MOHAIR-3003.JPG\nOnion Silk+Kid Mohair 3005 Douce Rosa:ONION-SILK-_-KID-MOHAIR-3005.JPG\nOnion Silk+Kid Mohair 3006 Bordeaux:ONION-SILK-_-KID-MOHAIR-3006.JPG\nOnion Silk+Kid Mohair 3007 Grøn oliven:ONION-SILK-_-KID-MOHAIR-3007.JPG\nOnion Silk+Kid Mohair 3008 Gylden:ONION-SILK-_-KID-MOHAIR-3008.JPG\nOnion Silk+Kid Mohair 3009 Brun:ONION-SILK-_-KID-MOHAIR-3009.JPG\nOnion Silk+Kid Mohair 3011 Mørk Blå:ONION-SILK-_-KID-MOHAIR-3011.JPG\nOnion Silk+Kid Mohair 3012 Sort:ONION-SILK-_-KID-MOHAIR-3012.JPG\nOnion Silk+Kid Mohair 3013 Marsala:ONION-SILK-_-KID-MOHAIR-3013.JPG\nOnion Silk+Kid Mohair 3014 Douce Blå:ONION-SILK-_-KID-MOHAIR-3014.JPG\n\nOnion No.4 Organic Wool+Nettles 817 Perlemor:ONION-NO.-4-ORGANIC-WOOL_NETTLES-817.JPG\nOnion No.4 Organic Wool+Nettles 802 Koks:ONION-NO.-4-ORGANIC-WOOL_NETTLES-802.JPG\nOnion No.4 Organic Wool+Nettles 804 Laks:ONION-NO.-4-ORGANIC-WOOL_NETTLES-804.JPG\nOnion No.4 Organic Wool+Nettles 805 Grå:ONION-NO.-4-ORGANIC-WOOL_NETTLES-805.JPG\nOnion No.4 Organic Wool+Nettles 807 Lys Lilla:ONION-NO.-4-ORGANIC-WOOL_NETTLES-807.JPG\nOnion No.4 Organic Wool+Nettles 810 Jeans Blå:ONION-NO.-4-ORGANIC-WOOL_NETTLES-810.JPG\nOnion No.4 Organic Wool+Nettles 811 Douce Grøn:ONION-NO.-4-ORGANIC-WOOL_NETTLES-811.JPG\nOnion No.4 Organic Wool+Nettles 821 Sort:ONION-NO.-4-ORGANIC-WOOL_NETTLES-821.JPG\nOnion No.4 Organic Wool+Nettles 831 Græs Grøn:ONION-NO.-4-ORGANIC-WOOL_NETTLES-831.JPG\nOnion No.4 Organic Wool+Nettles 833 Khaki:ONION-NO.-4-ORGANIC-WOOL_NETTLES-833.JPG\nOnion No.4 Organic Wool+Nettles 834 Brændt Orange:ONION-NO.-4-ORGANIC-WOOL_NETTLES-834.JPG\nOnion No.4 Organic Wool+Nettles 835 Lys Rosa:ONION-NO.-4-ORGANIC-WOOL_NETTLES-835.JPG\nOnion No.4 Organic Wool+Nettles 839 Choko Brun:ONION-NO.-4-ORGANIC-WOOL_NETTLES-839.JPG\n\nOnion Soft Organic Wool + Nettles 1517 Beige:ONION-SOFT-ORGANIC-WOOL-_-NETTLES-1517.JPG\nOnion Soft Organic Wool + Nettles 1501 Råhvid:ONION-SOFT-ORGANIC-WOOL-_-NETTLES-1501.JPG\nOnion Soft Organic Wool + Nettles 1502 Koksgrå:ONION-SOFT-ORGANIC-WOOL-_-NETTLES-1502.JPG\nOnion Soft Organic Wool + Nettles 1503 Pudder:ONION-SOFT-ORGANIC-WOOL-_-NETTLES-1503.JPG\nOnion Soft Organic Wool + Nettles 1505 Grå:ONION-SOFT-ORGANIC-WOOL-_-NETTLES-1505.JPG\nOnion Soft Organic Wool + Nettles 1506 Lys Grå:ONION-SOFT-ORGANIC-WOOL-_-NETTLES-1506.JPG\nOnion Soft Organic Wool + Nettles 1515 Gul:ONION-SOFT-ORGANIC-WOOL-_-NETTLES-1515.JPG\nOnion Soft Organic Wool + Nettles 1533 Oliven Grøn:ONION-SOFT-ORGANIC-WOOL-_-NETTLES-1533.JPG\n\nBrun:SANDNES_ALPAKKA_ULL_3571.JPG\nBlå:SANDNES_ALPAKKA_ULL_6531.JPG\nRosa:SANDNES_ALPAKKA_ULL_3511.JPG\n\nKoksgrå:SANDNES_PEER_GYNT_1088.JPG\nBeige:SANDNES_PEER_GYNT_2650.JPG\nGrøn:PEER_GYNT_8082.JPG\n\nGul:SANDNES_SUNDAY_2114.JPG\nMandel:SANDNES_SUNDAY_2511.JPG \nGrå:SANDNES_PEER_GYNT_1032.JPG\n\nKAOS YARN Brushed Alpaca 2005 nostalgic:KAOS-ORGANIC-BRUSHED-ALPACA-2005.JPG\nKAOS YARN Brushed Alpaca 2001 natural:KAOS-ORGANIC-BRUSHED-ALPACA-2001.JPG\nKAOS YARN Brushed Alpaca 2007 faithful:KAOS_Brushed_Alpaca_2007.PNG\nKAOS YARN Brushed Alpaca 2008 genuine:KAOS_Brushed_Alpaca_2008.PNG\nKAOS YARN Brushed Alpaca 2011 optimistic:KAOS-ORGANIC-BRUSHED-ALPACA-2011.JPG\nKAOS YARN Brushed Alpaca 2014 confident:KAOS-ORGANIC-BRUSHED-ALPACA-2014.JPG\nKAOS YARN Brushed Alpaca 2016 fortunate:KAOS_Brushed_Alpaca_2016.PNG\nKAOS YARN Brushed Alpaca 2020 sparkling:KAOS_Brushed_Alpaca_2020.PNG\nKAOS YARN Brushed Alpaca 2022 courageous:KAOS-ORGANIC-BRUSHED-ALPACA-2022.JPG\nKAOS YARN Brushed Alpaca 2024 glamorous:KAOS-ORGANIC-BRUSHED-ALPACA-2024.JPG\nKAOS YARN Brushed Alpaca 2029 charming:KAOS-ORGANIC-BRUSHED-ALPACA-2029.JPG\nKAOS YARN Brushed Alpaca 2031 passionate:KAOS-ORGANIC-BRUSHED-ALPACA-2031.JPG\nKAOS YARN Brushed Alpaca 2035 gracious:KAOS-ORGANIC-BRUSHED-ALPACA-2035.JPG\nKAOS YARN Brushed Alpaca 2042 gentle:KAOS_Brushed_Alpaca_2042.PNG\nKAOS YARN Brushed Alpaca 2049 charismatic:KAOS-ORGANIC-BRUSHED-ALPACA-2049.JPG\nKAOS YARN Brushed Alpaca 2051 spiritual:KAOS-ORGANIC-BRUSHED-ALPACA-2051.JPG\nKAOS YARN Brushed Alpaca 2055 magnificent:KAOS_Brushed_Alpaca_2055.PNG\nKAOS YARN Brushed Alpaca 2057 divine:KAOS-ORGANIC-BRUSHED-ALPACA-2057.JPG\nKAOS YARN Brushed Alpaca 2061 enigmatic:KAOS_Brushed_Alpaca_2061.PNG\nKAOS YARN Brushed Alpaca 2062 electric:KAOS-ORGANIC-BRUSHED-ALPACA-2062.JPG\nKAOS YARN Brushed Alpaca 2065 Brilliant:KAOS-ORGANIC-BRUSHED-ALPACA-2065.JPG\nKAOS YARN Brushed Alpaca 2067 sincere:KAOS-Brushed-Alpaca-2067.PNG\nKAOS YARN Brushed Alpaca 2073 intuitive:KAOS-ORGANIC-BRUSHED-ALPACA-2073.JPG\nKAOS YARN Brushed Alpaca 2075 zealous:KAOS_BRUSHED_ALPACA_2075.PNG\nKAOS YARN Brushed Alpaca 2076 vivacious:KAOS-ORGANIC-BRUSHED-ALPACA-2076.JPG\nKAOS YARN Brushed Alpaca 2079 generous:KAOS_Brushed_Alpaca_2079.PNG\nKAOS YARN Brushed Alpaca 2082 fair:KAOS_Brushed_Alpaca_2082.PNG\nKAOS YARN Brushed Alpaca 2084 magnetic:KAOS-ORGANIC-BRUSHED-ALPACA-2084.JPG\nKAOS YARN Brushed Alpaca 2088 mysterious:KAOS_Brushed_Alpaca_2088.PNG\nKAOS YARN Brushed Alpaca 2007 faithful:KAOS_Brushed_Alpaca_2007.PNG\n\n\nKAOS YARN organic soft merino 1001 natural:KAOS-ORGANIC-MERINO-1001.JPG\nKAOS YARN organic soft merino 1005 nostalgic:KAOS-ORGANIC-MERINO-1005.JPG\nKAOS YARN organic soft merino 1007 faithful:KAOS_Organic_soft_Merino_1007.PNG\nKAOS YARN organic soft merino 1008 genuine:KAOS_organic_soft_merino_1008.PNG\nKAOS YARN organic soft merino 1011 optimistic:KAOS-ORGANIC-MERINO-1011.JPG\nKAOS YARN organic soft merino 1014 confident:KAOS-ORGANIC-MERINO-1014.JPG\nKAOS YARN organic soft merino 1016 fortunate:KAOS_ORGANIC_SOFT_MERINO_1016.PNG\nKAOS YARN organic soft merino 1020 sparkling:KAOS_organic_soft_merino_1020.PNG\nKAOS YARN organic soft merino 1024 glamorous:KAOS-ORGANIC-MERINO-1024.JPG\nKAOS YARN organic soft merino 1042 gentle:KAOS_ORGANIC_SOFT_MERINO_1042.PNG\nKAOS YARN organic soft merino 1049 charismatic:KAOS-ORGANIC-MERINO-1049.JPG\nKAOS YARN organic soft merino 1057 divine:KAOS-ORGANIC-MERINO-1057.JPG\nKAOS YARN organic soft merino 1062 electric:KAOS-ORGANIC-MERINO-1062.JPG\nKAOS YARN organic soft merino 1073 intuitive:KAOS-ORGANIC-MERINO-1073.JPG\nKAOS YARN organic soft merino 1076 vivacious:KAOS-ORGANIC-MERINO-1076.JPG\nKAOS YARN organic soft merino 1084 magnetic:KAOS-ORGANIC-MERINO-1084.JPG\nKAOS YARN organic soft merino 1065 brilliant:KAOS-ORGANIC-MERINO-1065.JPG\nKAOS YARN organic soft merino 1051 spiritual:KAOS-ORGANIC-MERINO-1051.JPG\nKAOS YARN organic soft merino 1035 gracious:KAOS-ORGANIC-MERINO-1035.JPG\nKAOS YARN organic soft merino 1031 passionate:KAOS-ORGANIC-MERINO-1031.JPG\nKAOS YARN organic soft merino 1029 charming:KAOS-ORGANIC-MERINO-1029.JPG\nKAOS YARN organic soft merino 1022 courageous:KAOS-ORGANIC-MERINO-1022.JPG\nKAOS YARN organic soft merino 1055 magnificent:KAOS_ORGANIC_SOFT_MERINO_1055.PNG\nKAOS YARN organic soft merino 1061 enigmatic:KAOS_ORGANIC_SOFT_MERINO_1061.PNG\nKAOS YARN organic soft merino 1064 kind:KAOS-ORGANIC-MERINO-1064.JPG\nKAOS YARN organic soft merino 1067 sincere:KAOS_ORGANIC_SOFT_MERINO_1067.PNG\nKAOS YARN organic soft merino 1075 zealous:KAOS_ORGANIC_SOFT_MERINO_1075.PNG\nKAOS YARN organic soft merino 1079 generous:KAOS_ORGANIC_SOFT_MERINO_1079.PNG\nKAOS YARN organic soft merino 1082 fair:KAOS_ORGANIC_SOFT_MERINO_1082.PNG\nKAOS YARN organic soft merino 1088 mysterious:KAOS-ORGANIC-SOFT-MERINO-1088.PNG","show_secondary_image":true,"show_quick_buy":false,"discount_mode":"saving","product_color_display":"count","product_info_alignment":"start","cart_type":"drawer","cart_icon":"shopping_cart","cart_show_free_shipping_threshold":true,"cart_free_shipping_threshold":500,"social_facebook":"https:\/\/www.facebook.com\/DenLilleGarnbiks\/","social_instagram":"https:\/\/www.instagram.com\/denlillegarnbiks\/","social_youtube":"https:\/\/www.youtube.com\/@denlillegarnbiks6934","favicon":"shopify:\/\/shop_images\/cropped-logo-menu-linje-32x32.png","checkout_logo_image":"shopify:\/\/shop_images\/logo_50_48407138-589f-47db-9ee3-b6df038d8326.png","checkout_logo_position":"center","checkout_logo_size":"large","checkout_body_background_color":"#faf9f6","checkout_sidebar_background_color":"#f2f2f2","checkout_accent_color":"#1f479e","checkout_button_color":"#1f479e","checkout_error_color":"#f83a3a","content_for_index":[],"blocks":{"15683396631634586217":{"type":"shopify:\/\/apps\/inbox\/blocks\/chat\/841fc607-4181-4ad1-842d-e24d7f8bad6b","disabled":false,"settings":{"button_color":"#a8bac5","button_icon":"chat_bubble","button_text":"chat_with_us","button_horizontal_position":"bottom_right","button_vertical_position":"lowest","greeting_message":"👋 Hej! Send os en besked, hvis du har spørgsmål. Vi hjælper dig gerne!"}}}},"presets":{"Sound":{"section_vertical_spacing":"medium","button_border_radius":60,"input_border_radius":8,"block_border_radius":24,"block_shadow_opacity":10,"block_shadow_vertical_offset":18,"background":"#f0f0f0","text_color":"#1a1a1a","header_background":"#f0f0f0","header_text_color":"#1a1a1a","footer_background":"#ffffff","footer_text_color":"#1a1a1a","primary_button_background":"#1a1a1a","primary_button_text_color":"#ffffff","secondary_button_background":"#f0c417","secondary_button_text_color":"#1a1a1a","product_card_text_color":"#1a1a1a","product_primary_badge_background":"#803cee","heading_font":"din_next_n7","heading_font_size":"large","heading_letter_spacing":-2,"text_font":"din_next_n4","show_page_transition":true,"cart_icon":"shopping_basket","heading_apparition":"split_fade","product_color_display":"swatch","product_info_alignment":"start","checkout_accent_color":"#f0c417","checkout_button_color":"#1a1a1a"},"Home":{"section_vertical_spacing":"medium","section_boxed_horizontal_spacing":"large","button_hover_effect":"reverse","background":"#ffffff","text_color":"#272727","success_color":"#708a5c","warning_color":"#e37e16","error_color":"#aa2826","header_background":"#ffffff","header_text_color":"#272727","footer_background":"#f2f2f2","footer_text_color":"#272727","primary_button_background":"#272727","primary_button_text_color":"#ffffff","secondary_button_background":"#3c619e","secondary_button_text_color":"#ffffff","product_card_text_color":"#272727","product_on_sale_accent":"#e34f4f","product_sold_out_badge_background":"#bebdb9","product_primary_badge_background":"#3c619e","heading_font":"futura_n7","heading_font_size":"large","heading_text_transform":"normal","heading_letter_spacing":-1,"text_font":"futura_n4","cart_icon":"shopping_basket","heading_apparition":"split_rotation","color_swatch_style":"rectangle","product_color_display":"swatch","cart_type":"drawer","checkout_body_background_color":"#f2f2f2","checkout_sidebar_background_color":"#ffffff","checkout_accent_color":"#3c619e","checkout_button_color":"#3c619e"},"Shape":{"page_width":1440,"section_vertical_spacing":"small","section_boxed_horizontal_spacing":"medium","button_border_radius":60,"input_border_radius":8,"block_border_radius":20,"icon_stroke_width":1.5,"button_style":"fill","button_hover_effect":"reverse","text_color":"#2a555a","header_background":"#ffffff","header_text_color":"#2a555a","footer_background":"#f7f7f7","footer_text_color":"#2a555a","primary_button_background":"#2a555a","primary_button_text_color":"#ffffff","secondary_button_background":"#d9967e","product_card_text_color":"#2a555a","cart_icon":"tote_bag","heading_font":"itc_berkeley_old_style_n4","heading_font_size":"large","heading_text_transform":"normal","heading_letter_spacing":-1,"text_font":"muli_n4","text_font_size_desktop":15,"product_color_display":"swatch","product_info_alignment":"center"}},"platform_customizations":{"custom_css":[]}}